-- Generation time: Tue, 26 Nov 2019 08:54:56 +0000
-- Host: mysql.hostinger.ro
-- DB name: u574849695_20
/*!40030 SET NAMES UTF8 */;
/*!40101 SET @OLD_CHARACTER_SET_CLIENT=@@CHARACTER_SET_CLIENT */;
/*!40101 SET @OLD_CHARACTER_SET_RESULTS=@@CHARACTER_SET_RESULTS */;
/*!40101 SET @OLD_COLLATION_CONNECTION=@@COLLATION_CONNECTION */;
/*!40103 SET @OLD_TIME_ZONE=@@TIME_ZONE */;
/*!40103 SET TIME_ZONE='+00:00' */;
/*!40014 SET @OLD_UNIQUE_CHECKS=@@UNIQUE_CHECKS, UNIQUE_CHECKS=0 */;
/*!40014 SET @OLD_FOREIGN_KEY_CHECKS=@@FOREIGN_KEY_CHECKS, FOREIGN_KEY_CHECKS=0 */;
/*!40101 SET @OLD_SQL_MODE=@@SQL_MODE, SQL_MODE='NO_AUTO_VALUE_ON_ZERO' */;
/*!40111 SET @OLD_SQL_NOTES=@@SQL_NOTES, SQL_NOTES=0 */;

DROP TABLE IF EXISTS `address`;
CREATE TABLE `address` (
  `id` int(11) NOT NULL AUTO_INCREMENT,
  `detail` varchar(50) DEFAULT NULL,
  `district_id` int(11) DEFAULT NULL,
  PRIMARY KEY (`id`),
  KEY `district_id` (`district_id`),
  FULLTEXT (`detail`),
  CONSTRAINT `address_ibfk_1` FOREIGN KEY (`district_id`) REFERENCES `district` (`id`)
) ENGINE=InnoDB AUTO_INCREMENT=1001 DEFAULT CHARSET=utf8mb4;

INSERT INTO `address` VALUES ('1','67649 Kshlerin Hills','585'),
('2','062 Piper Glens Suite 044','835'),
('3','380 Cummerata Brooks Apt. 098','454'),
('4','94726 Hermina Path','292'),
('5','64523 Stiedemann Crest Suite 415','18'),
('6','797 Houston Trafficway Apt. 133','708'),
('7','2019 Toy Manor Suite 324','427'),
('8','03702 Ashlynn Stravenue','496'),
('9','2543 Johns Pine Apt. 792','614'),
('10','384 Cooper Corners Apt. 773','997'),
('11','72783 Melyna Stravenue','734'),
('12','14894 Angie Brooks Suite 411','214'),
('13','124 Wiza Via Apt. 528','687'),
('14','7369 Brekke Station','43'),
('15','962 Lakin Mall','572'),
('16','8977 Champlin Meadows','387'),
('17','297 Considine Island','771'),
('18','824 Sarina Fall','192'),
('19','5655 Monahan Expressway','580'),
('20','5970 Kailyn Brooks Suite 344','671'),
('21','6789 Alek Mountain','968'),
('22','1961 Leonor Valleys','472'),
('23','4590 Pfannerstill Port','739'),
('24','9468 Landen Throughway Apt. 210','51'),
('25','9323 Cruickshank Port','369'),
('26','32669 Volkman Ville','750'),
('27','370 Constantin Station','622'),
('28','8653 Elwyn Street','294'),
('29','3426 Jude Rue Suite 304','727'),
('30','6549 Beaulah Glens Suite 854','319'),
('31','76192 Jast Centers','339'),
('32','12058 Christian Estates','311'),
('33','74501 Dibbert Ports Suite 278','154'),
('34','348 Mariam Mountains','793'),
('35','05440 White Lakes','603'),
('36','030 Veum Roads Suite 160','171'),
('37','41730 Spinka Underpass Suite 351','500'),
('38','3089 Valerie View','29'),
('39','311 Harris Run','667'),
('40','09253 Baumbach Squares','113'),
('41','237 Hilbert Run','26'),
('42','024 Isom Island Apt. 180','400'),
('43','759 Crist Unions Apt. 046','326'),
('44','46627 Armand Manor Apt. 862','713'),
('45','12401 Cronin Curve Apt. 972','443'),
('46','14897 Deondre Landing Suite 648','898'),
('47','6087 Trenton Vista','100'),
('48','051 Weimann Rue','213'),
('49','407 Schultz Mountains','89'),
('50','8072 Reinger Club','680'),
('51','4638 Graham Shore Apt. 481','883'),
('52','7542 Bosco Rest Suite 135','57'),
('53','198 Sarai Keys','151'),
('54','51751 Liana Falls Suite 887','622'),
('55','808 Heaney Gardens','108'),
('56','10488 Jayden Streets Suite 936','519'),
('57','943 Renner Club Suite 818','372'),
('58','0896 Zieme Forks Apt. 446','729'),
('59','77551 Creola Fork Suite 231','813'),
('60','987 Bert Fields Suite 544','98'),
('61','44747 Collier Flats','48'),
('62','583 Glover Shore','152'),
('63','004 Johns Stravenue','409'),
('64','20804 Hammes Plain Suite 930','201'),
('65','2928 Welch Alley','944'),
('66','4310 Bartoletti Harbor Apt. 904','12'),
('67','22422 Hope Lodge Apt. 259','371'),
('68','95050 Kuhic Crossing Apt. 634','444'),
('69','56072 Zane Throughway Apt. 532','40'),
('70','564 Rath Ville','38'),
('71','0311 Berge Key','556'),
('72','9492 Eli Islands Suite 619','65'),
('73','7790 Lehner Point Suite 900','437'),
('74','30807 Corkery Way Apt. 132','882'),
('75','3381 Albina Corners Apt. 140','777'),
('76','850 Green Park Suite 735','879'),
('77','623 Orn Lock Suite 847','780'),
('78','688 Paxton Wall Suite 454','877'),
('79','7078 D\'Amore Lock','92'),
('80','893 Stiedemann Summit','869'),
('81','401 Koss Pike','556'),
('82','2160 Witting Islands Suite 758','975'),
('83','11162 Fay Centers Suite 758','925'),
('84','0689 Reynolds Plains Suite 281','706'),
('85','59053 Kirlin Spurs','596'),
('86','33749 Keara Summit Apt. 181','32'),
('87','56356 Zechariah Falls','225'),
('88','4943 Koelpin Square','967'),
('89','7056 Tina Villages Suite 919','761'),
('90','8379 Cleta Mission Suite 699','37'),
('91','755 Camren Flats','65'),
('92','574 Roger Lakes','808'),
('93','003 Batz Coves','188'),
('94','60666 Reynolds Square Suite 871','474'),
('95','3397 Rebekah Vista','9'),
('96','8852 Welch Crest Apt. 008','131'),
('97','26794 Runolfsson Cove','485'),
('98','778 Catherine Ridge Suite 122','380'),
('99','577 Berge Oval','574'),
('100','27125 Devin Harbor Suite 885','525'),
('101','80095 Jaden Track','417'),
('102','2448 Mae Orchard','130'),
('103','1604 Russel Locks Suite 549','590'),
('104','28860 Tracy Forges Suite 018','853'),
('105','15902 Conn Lodge Suite 418','12'),
('106','60638 Tavares Mills Suite 785','367'),
('107','52068 Casper Knoll Suite 871','732'),
('108','96679 Manley Mountains','791'),
('109','8695 Stone Garden Apt. 830','243'),
('110','794 Kilback Motorway','823'),
('111','680 Bechtelar Crossing Suite 777','659'),
('112','28942 Mariam Meadow','798'),
('113','399 Maryse Street','797'),
('114','278 Schumm Forges Suite 088','584'),
('115','723 Kelley Knolls Suite 057','503'),
('116','677 Becker Pass Suite 975','393'),
('117','5875 Lockman Loop','616'),
('118','01099 Weimann Parks','727'),
('119','10723 Rusty Fort Apt. 829','360'),
('120','64165 Antoinette Forge','377'),
('121','1064 Kovacek Forge Suite 622','764'),
('122','401 Senger Haven','425'),
('123','81466 Reilly Extensions Apt. 502','185'),
('124','29903 Alene Lake','951'),
('125','32040 Russel Pines Apt. 642','899'),
('126','375 Friedrich Vista','193'),
('127','2117 Hodkiewicz Ports','82'),
('128','49209 Crooks Meadow Apt. 616','383'),
('129','78568 Kub Crossroad','572'),
('130','68545 Estevan Way Suite 810','655'),
('131','513 Lang Expressway Apt. 888','908'),
('132','736 Bins Plain Suite 437','988'),
('133','0582 Blick Ramp Apt. 823','785'),
('134','85244 Friesen Path','497'),
('135','415 Hettinger Parkway Apt. 867','841'),
('136','410 Altenwerth Curve Apt. 081','796'),
('137','36941 Junior Drive','863'),
('138','92833 Alexane Pass Suite 989','573'),
('139','977 Jazlyn Ports Suite 748','587'),
('140','312 Rempel Shoals','105'),
('141','5887 Tremblay Burg','395'),
('142','1508 Stracke Forge Apt. 361','246'),
('143','065 Dawn Lock','902'),
('144','82658 Matteo Port Suite 167','192'),
('145','6463 Zola Glen Apt. 075','830'),
('146','38779 Shanahan Route','405'),
('147','61650 Nikolaus Mount Suite 520','585'),
('148','9476 Erika Falls','445'),
('149','928 Anastacio Orchard','132'),
('150','1810 Little Haven','945'),
('151','5793 Bradly Underpass','822'),
('152','62917 Dicki Islands Apt. 531','895'),
('153','21799 Donnelly Extensions Apt. 712','370'),
('154','2209 Lisa Lane','6'),
('155','9699 Kade Locks Apt. 985','846'),
('156','6334 Stanton Loaf','268'),
('157','2585 Sydney Turnpike','198'),
('158','614 Glennie Circle','927'),
('159','126 Schultz Passage Suite 685','651'),
('160','661 Imelda Squares Suite 077','770'),
('161','71648 Christian Glens','582'),
('162','487 Aisha Forge','558'),
('163','95862 Ruthe Crest','758'),
('164','87706 Buckridge Viaduct','366'),
('165','70422 Carroll Station','54'),
('166','725 Dare Hill','598'),
('167','33539 Ervin Fields','162'),
('168','3948 Cecil Spurs Apt. 526','916'),
('169','9260 Jones Heights Suite 874','171'),
('170','23739 Walter River Apt. 264','749'),
('171','81706 Baumbach Summit Apt. 776','21'),
('172','0601 Milton Mews Apt. 250','565'),
('173','109 Carter Heights','994'),
('174','26238 Kraig Rapid','922'),
('175','25226 Mann Lake Apt. 524','757'),
('176','46968 Sister Curve','823'),
('177','90341 Alda Viaduct','327'),
('178','743 Funk Lodge','342'),
('179','8526 Jadon Lakes','268'),
('180','4122 Bettye Plaza','458'),
('181','3088 Kayla Rue Suite 777','287'),
('182','2289 Trinity View','89'),
('183','265 Jesse Lights','353'),
('184','622 Mac Garden Apt. 263','656'),
('185','609 Cummings Creek Apt. 034','95'),
('186','67650 Gusikowski Parkways Suite 831','198'),
('187','0410 Wilkinson Springs','924'),
('188','1449 Eichmann Forest','292'),
('189','7451 Amely Walks','124'),
('190','854 Jo Lodge Suite 306','574'),
('191','90505 Ryann Point Apt. 671','62'),
('192','2389 Murray Ports Suite 182','705'),
('193','696 Ankunding Village','131'),
('194','4308 Assunta Lodge','819'),
('195','035 Matteo Circle Suite 904','71'),
('196','15003 Schmeler Ville','185'),
('197','8333 Rodger Hollow','417'),
('198','8302 Frederic Camp Apt. 707','233'),
('199','29153 Kareem Plaza','101'),
('200','891 Gottlieb Fork','587'),
('201','753 Ziemann Junctions','981'),
('202','0584 Eli Fork Apt. 401','121'),
('203','464 Lori Circle Apt. 393','152'),
('204','1241 Hamill Islands','975'),
('205','87256 Jerde Ridges','43'),
('206','714 Addie Plaza Apt. 611','909'),
('207','5580 Laila Bypass Suite 997','798'),
('208','725 Marquardt Manor','369'),
('209','093 Langosh Heights','250'),
('210','17576 Stark Centers','66'),
('211','8155 Terrence Radial Apt. 175','827'),
('212','1589 Rebekah Estate','536'),
('213','104 Pat Vista','154'),
('214','657 Raven Spurs','179'),
('215','79106 Audie Street Suite 309','191'),
('216','03948 Ezequiel Fall','248'),
('217','537 Gina Ramp Suite 415','376'),
('218','2015 Fritsch Ferry Apt. 986','114'),
('219','67941 Mann Mall Apt. 339','540'),
('220','8932 Yundt Pass','499'),
('221','92166 Carlo Rue','688'),
('222','282 Reyna Valley Apt. 068','601'),
('223','16152 Breitenberg Manors','204'),
('224','2320 Estelle View Suite 893','819'),
('225','4544 Kuhlman Plain Apt. 578','420'),
('226','81506 Shanahan Turnpike Suite 073','274'),
('227','17231 Goldner Dam Suite 250','4'),
('228','084 Mayert Haven','837'),
('229','14272 Rolfson Overpass','507'),
('230','42415 Chyna Rue Suite 407','104'),
('231','6862 Daren Row','423'),
('232','41283 Ashley Plains','487'),
('233','3285 Franecki Forks','225'),
('234','80187 Treutel Island Apt. 362','575'),
('235','051 Kertzmann Rapid Apt. 478','462'),
('236','94386 Elisa Mount Apt. 407','267'),
('237','81217 Bode Cliff Suite 920','483'),
('238','71496 Tania Squares Suite 819','259'),
('239','975 Margarett Groves','636'),
('240','466 Schmidt View Suite 587','732'),
('241','3778 Breitenberg Lane Apt. 018','324'),
('242','7759 Kiana Prairie','462'),
('243','62096 Tressa Dale','267'),
('244','08079 Murphy Parkway','478'),
('245','77094 Hauck Falls','640'),
('246','20341 Hamill Summit','458'),
('247','609 Alayna Manor','726'),
('248','1050 Diana Expressway Suite 095','16'),
('249','7170 Weissnat Roads Apt. 963','572'),
('250','342 Seth Forks','265'),
('251','4833 Nathen Center','515'),
('252','683 Margarita Springs','260'),
('253','275 Cremin Parks Suite 019','866'),
('254','489 Boehm Center','718'),
('255','73438 Runolfsdottir Estate','78'),
('256','55657 Danial Hollow Apt. 038','286'),
('257','4141 Caden Village Suite 517','992'),
('258','4274 Ines Drive','81'),
('259','80104 Marian Fort Apt. 859','122'),
('260','710 Nestor Parks','498'),
('261','32220 Bailey Point Suite 752','185'),
('262','77731 Maggio Street','545'),
('263','3061 Torp Glen','985'),
('264','601 Bartoletti Mills','409'),
('265','26189 Rolfson Pines Suite 005','119'),
('266','333 Vladimir Lakes Apt. 899','446'),
('267','6128 Pfeffer Fork','675'),
('268','3214 Halle Expressway','601'),
('269','7564 Kemmer Rue Suite 536','704'),
('270','587 Dooley Views Apt. 753','310'),
('271','20161 Shields Points Apt. 906','332'),
('272','6612 Tromp Corner Apt. 421','28'),
('273','4920 Baby Divide Apt. 025','772'),
('274','701 Gaylord Trafficway','599'),
('275','6608 Willa Park','505'),
('276','1386 Huel Throughway Suite 068','412'),
('277','370 Kuhic Springs','57'),
('278','10236 Alvah Shore','230'),
('279','63396 Mary Forge','427'),
('280','867 Jack Plaza','629'),
('281','2229 Abernathy Plains','495'),
('282','990 Kulas Court Suite 794','941'),
('283','22939 Zora Gateway Suite 970','888'),
('284','755 Langworth Summit','361'),
('285','98640 Obie Land Suite 371','659'),
('286','24860 Schuppe Tunnel Apt. 345','966'),
('287','65083 Satterfield Roads Suite 646','646'),
('288','085 Idella Causeway','651'),
('289','30422 Lexi Union Apt. 151','46'),
('290','18686 Zieme Ville','767'),
('291','2424 Orn Port Apt. 366','148'),
('292','620 Alva Hollow Suite 295','231'),
('293','23951 Elisha Springs Apt. 265','311'),
('294','819 Caden Tunnel','133'),
('295','17013 Roselyn Ports Apt. 081','639'),
('296','865 Wunsch Stravenue Apt. 316','430'),
('297','7335 Auer Mills','578'),
('298','466 Mariam Curve','314'),
('299','16440 Zola Trafficway Apt. 218','30'),
('300','670 Cummings Mall Suite 463','282'),
('301','476 Alexander Valley Apt. 228','624'),
('302','9595 Littel Islands Suite 621','362'),
('303','10835 Kamren Gardens','310'),
('304','6514 Parisian Estates Suite 028','395'),
('305','733 Kellie Ferry','960'),
('306','2381 Pagac Mountains','814'),
('307','1404 Cormier Station','806'),
('308','784 Gorczany Dam','17'),
('309','4186 Bianka Track Apt. 398','44'),
('310','409 Denesik Vista','233'),
('311','988 Walter Wells','645'),
('312','7388 Medhurst Greens Suite 725','539'),
('313','1348 Willa Mission','173'),
('314','4427 Bergnaum Summit','532'),
('315','17415 Kirlin Corner','899'),
('316','5405 Carolanne Mountain','832'),
('317','39723 Sarah Rest','497'),
('318','7918 Ruecker Unions','545'),
('319','0496 Warren Hollow','482'),
('320','572 Carolina Garden','543'),
('321','781 Cole Canyon','312'),
('322','53261 Reggie Mountains Suite 320','630'),
('323','629 Ryan Brooks Suite 167','773'),
('324','7571 Charlie Pines','623'),
('325','23633 Fritsch Hills Suite 023','762'),
('326','36572 Marianne Estates','412'),
('327','6166 Roy Alley Apt. 474','52'),
('328','158 Josue Fall Suite 391','340'),
('329','4968 Cummerata Roads Suite 551','725'),
('330','03790 Garnet Fields Suite 786','81'),
('331','90825 Terry Flat','622'),
('332','107 Rippin Fork','348'),
('333','2589 Darrick Knoll','442'),
('334','648 Hauck Path','931'),
('335','46889 Vandervort Drives Suite 914','743'),
('336','99180 Angelo Divide Suite 960','402'),
('337','8463 Aaliyah Keys','745'),
('338','745 Yost Throughway','548'),
('339','1506 McClure Gardens Suite 466','418'),
('340','033 Hauck Tunnel','789'),
('341','88539 Camilla Cove','780'),
('342','5243 O\'Conner Burgs','62'),
('343','9051 Wilfredo Station Suite 844','327'),
('344','7217 Pamela Village','953'),
('345','141 Toy Mission','594'),
('346','8310 Elta Manor','226'),
('347','5773 Isabel Ford Suite 187','785'),
('348','5911 Derek Prairie','90'),
('349','595 Corkery Glen','770'),
('350','141 Chadd Forks Suite 140','266'),
('351','873 Maddison Plaza','633'),
('352','14767 Maximillia Tunnel','81'),
('353','78358 Padberg Divide','896'),
('354','922 Bergnaum Summit','405'),
('355','48851 Reynolds Forest','703'),
('356','123 Lue Springs','658'),
('357','38647 Vilma Avenue','816'),
('358','82041 McKenzie Field','754'),
('359','433 Eudora View','998'),
('360','10657 Darron Flat','541'),
('361','86559 Cartwright Trail','835'),
('362','7436 Reinger Green','619'),
('363','696 Gulgowski Ways Suite 562','888'),
('364','50543 Satterfield Mill','277'),
('365','2229 Alexandro Walk Suite 029','550'),
('366','01480 DuBuque Flat Apt. 626','630'),
('367','9317 Skiles Falls','678'),
('368','587 Jovanny Falls Apt. 616','295'),
('369','316 Walsh Meadow','178'),
('370','4181 Strosin Circles','96'),
('371','251 Nakia Ports Apt. 505','83'),
('372','367 Gwen Island Apt. 519','958'),
('373','892 Dickens Circle Suite 021','157'),
('374','04129 Weber Manors Apt. 009','409'),
('375','0662 Stehr Cliffs','910'),
('376','466 Kody Street','750'),
('377','88943 Bridget Stream','634'),
('378','305 Araceli Vista Apt. 872','695'),
('379','0293 Adrian Park','840'),
('380','34827 Clare Rapid Suite 742','403'),
('381','78272 Wilderman Highway Apt. 746','960'),
('382','7077 Swift Loop Suite 982','472'),
('383','655 Madaline Plain','484'),
('384','745 McKenzie Oval Suite 896','856'),
('385','2109 Kuphal Greens','877'),
('386','822 Emard Lights','186'),
('387','414 Marvin Creek','513'),
('388','66025 Torp Burgs Suite 554','693'),
('389','5782 D\'Amore Ville','940'),
('390','238 O\'Reilly Drives','510'),
('391','38462 Powlowski Cape Suite 640','233'),
('392','469 Schaefer Route Apt. 483','775'),
('393','397 Deshawn Burg','129'),
('394','541 Zoie Camp','121'),
('395','38887 Alysson Hill','51'),
('396','1016 Madelyn Ridge Suite 330','678'),
('397','007 Hanna Station Apt. 890','751'),
('398','404 Rodriguez Park','729'),
('399','5592 Metz Square','972'),
('400','4301 Kacie Lane Apt. 890','929'),
('401','76450 Rowena Course Suite 020','825'),
('402','7296 Weimann Radial','54'),
('403','812 Citlalli Islands Suite 578','886'),
('404','8795 Nader Cape','981'),
('405','310 Kuhic Shoals','463'),
('406','77373 Hickle Inlet','796'),
('407','30200 Schiller Trail','731'),
('408','9722 Filomena Estates Apt. 891','96'),
('409','062 Jones Crescent','490'),
('410','816 Weimann Junction','571'),
('411','166 Oren Stream Apt. 865','499'),
('412','7732 Rogelio Pike','450'),
('413','8343 Greenholt Viaduct Apt. 941','42'),
('414','445 Zane Prairie','983'),
('415','92997 Cummerata Branch Apt. 576','305'),
('416','62072 Farrell Trace Apt. 001','919'),
('417','0764 Larkin Spurs Apt. 022','169'),
('418','688 Hudson Groves Suite 021','817'),
('419','5980 Werner Viaduct','611'),
('420','403 Laney Inlet','109'),
('421','84465 Russel Path Suite 540','326'),
('422','54191 Mireille Cliff Suite 894','843'),
('423','82111 Betsy Drives Apt. 306','883'),
('424','1144 Crooks Ramp','454'),
('425','333 Orrin Row','964'),
('426','54872 Schmidt Trail','934'),
('427','974 Tomas Hills','132'),
('428','6616 Koch Junctions','715'),
('429','84981 Wunsch Hollow Suite 088','663'),
('430','18692 Shyann Glens','103'),
('431','55053 Tyreek Wall','643'),
('432','037 Billy Cove','487'),
('433','760 Ortiz Road Suite 013','157'),
('434','38790 Walter Wells Suite 695','528'),
('435','12613 Bode Inlet Apt. 931','468'),
('436','4217 Robel Lane Suite 297','619'),
('437','70061 Theresia Estate','324'),
('438','000 Cremin Roads','199'),
('439','09414 Blanda Island Apt. 138','715'),
('440','69506 Emie Neck','813'),
('441','9344 Kellie Lodge','769'),
('442','5023 Parisian Curve Apt. 937','214'),
('443','3995 Kris Prairie','262'),
('444','194 Dakota Run Suite 708','811'),
('445','69848 Cummings Walk','196'),
('446','926 Kreiger Wells','567'),
('447','0254 O\'Kon Ridge Suite 261','729'),
('448','91262 Kiehn Isle','364'),
('449','48658 Smitham Estates','383'),
('450','9931 Schuster Villages Apt. 648','339'),
('451','55080 Sanford Land','472'),
('452','26655 Petra Shoals','709'),
('453','417 D\'Amore Bypass Apt. 153','182'),
('454','4689 Cummings Port Apt. 664','355'),
('455','167 Volkman Trail','163'),
('456','16932 Okuneva Canyon','146'),
('457','9199 Crona Estate Suite 064','289'),
('458','49177 Lesch Burgs','294'),
('459','1728 Medhurst Rue','860'),
('460','907 Effertz Alley Apt. 027','951'),
('461','95826 Delphia Summit Apt. 020','397'),
('462','7719 Schuppe Cape','502'),
('463','2963 Kaleigh Neck','438'),
('464','746 Chloe Field','554'),
('465','7553 Morissette Turnpike Apt. 021','30'),
('466','179 Elta Parkway Suite 263','905'),
('467','0898 Olson Terrace','173'),
('468','115 Rafaela Shoals Suite 262','353'),
('469','11627 Mafalda Flats Suite 406','104'),
('470','2889 Mittie Falls','888'),
('471','5922 Auer Estate','165'),
('472','118 Mills Cape','872'),
('473','660 Jerel Forge Apt. 997','101'),
('474','97307 Issac Island','427'),
('475','1073 Bernhard Heights Apt. 681','683'),
('476','71961 Osinski Squares Apt. 069','297'),
('477','999 Ena Cove','994'),
('478','4418 Klein Overpass','411'),
('479','5801 Littel Walks','661'),
('480','4967 Trudie Causeway','376'),
('481','38672 Trycia Coves Suite 222','750'),
('482','475 Fay Drive','133'),
('483','7248 Bechtelar Hill','85'),
('484','0431 Ophelia Stream','931'),
('485','185 Hand Harbor','487'),
('486','754 Willa Path','248'),
('487','56381 Vincent Parkway','76'),
('488','00504 Jorge Forge Suite 757','775'),
('489','4565 D\'angelo Ranch Suite 393','542'),
('490','0123 Erdman Passage Suite 333','936'),
('491','68776 Stoltenberg Passage','726'),
('492','45955 Randi Viaduct Suite 244','938'),
('493','71924 Rashawn Streets Suite 412','437'),
('494','38300 Pagac Lake Apt. 126','163'),
('495','6246 Kelly Square Apt. 261','492'),
('496','034 Crooks Village','466'),
('497','93665 Floy View','68'),
('498','0259 Payton Forks','664'),
('499','4413 Charity Brook Suite 434','818'),
('500','63786 Kaycee Brook','172'),
('501','687 Esperanza Knoll Apt. 080','551'),
('502','5982 Spinka Freeway Apt. 261','983'),
('503','90290 Durgan Spurs','43'),
('504','4536 Eichmann Run Suite 708','652'),
('505','9791 Hudson Ports','410'),
('506','6547 Tess Green','726'),
('507','982 Alana Haven','948'),
('508','178 Collier Throughway Suite 817','403'),
('509','68398 Morgan Extension','136'),
('510','322 Natalia Corner','609'),
('511','1767 Alena Cliffs Apt. 449','779'),
('512','732 Hirthe Trafficway Apt. 192','885'),
('513','390 Tito Canyon Apt. 757','741'),
('514','69800 Madie Islands','863'),
('515','3449 Josefa Streets Apt. 752','816'),
('516','70034 Parker Island Suite 973','228'),
('517','4776 Wiza Extensions Apt. 790','110'),
('518','53305 Miller Rue','892'),
('519','5042 Rose Isle Apt. 302','3'),
('520','39631 Angela Mission','651'),
('521','6019 Heaney Villages','827'),
('522','07975 Krajcik Ramp','728'),
('523','09768 Ena Ports','589'),
('524','8921 Misty Trail','264'),
('525','43675 Abernathy Mount Apt. 655','891'),
('526','993 Harris Drive','81'),
('527','319 Arturo Rapid Suite 277','729'),
('528','9729 Ethyl Stravenue Apt. 940','959'),
('529','356 Leannon Canyon','745'),
('530','79770 Lehner Creek Suite 869','547'),
('531','52809 Vicky Mountains Apt. 844','130'),
('532','339 Sawayn Crossing','295'),
('533','338 Donald Prairie','529'),
('534','305 Willie Land','173'),
('535','164 Cartwright Terrace','947'),
('536','491 Everett Spring','938'),
('537','54964 Ayana Islands','898'),
('538','4248 Ursula Trail','895'),
('539','918 Felicia Isle Apt. 384','341'),
('540','84723 Rodriguez Orchard Apt. 391','34'),
('541','3527 Koepp Island Apt. 359','503'),
('542','7204 Lueilwitz Curve Suite 857','119'),
('543','37523 Vince Gardens Suite 092','919'),
('544','4206 Bertha Inlet','243'),
('545','203 Keeley Skyway Suite 630','982'),
('546','4871 Weissnat Keys','734'),
('547','208 Lydia Radial Suite 622','471'),
('548','97321 Vance Throughway','92'),
('549','5338 Karson Points','626'),
('550','3507 Marvin Views','473'),
('551','62072 Treutel Ridge Suite 314','743'),
('552','2630 Virgil Fall Apt. 582','453'),
('553','1922 Hilpert Causeway','200'),
('554','93714 Brandy Neck','332'),
('555','19113 Hugh Run','716'),
('556','0272 Huels Shore','91'),
('557','4977 Alexa Ports','412'),
('558','23371 Rosenbaum Station','444'),
('559','459 Meda Junction','50'),
('560','779 Otto Square Suite 527','156'),
('561','463 Flo Gardens','990'),
('562','98059 Marcella Plaza','179'),
('563','54451 Melba Mews Apt. 082','451'),
('564','3535 Senger Ports','519'),
('565','72081 Jailyn Summit','352'),
('566','078 Konopelski Oval Apt. 229','397'),
('567','8584 Keebler Overpass','456'),
('568','3474 Waters Mountain Apt. 747','249'),
('569','2662 April Tunnel Apt. 371','292'),
('570','625 Hyatt Court Apt. 120','797'),
('571','96124 Kirlin Via Apt. 209','282'),
('572','27379 Kuphal Extension Apt. 359','795'),
('573','046 Crooks Highway Apt. 970','915'),
('574','3716 Daija Mountains Suite 180','200'),
('575','315 Feest Valleys','38'),
('576','581 Lindsay Hills','897'),
('577','611 Janie Pike Suite 128','934'),
('578','72452 Schuppe Terrace','508'),
('579','91467 McKenzie Harbors','988'),
('580','857 Janiya Flat Suite 236','560'),
('581','72640 Jaden Overpass','980'),
('582','6468 Parker Circle','730'),
('583','0877 Don Point','12'),
('584','6538 Steuber Fort','180'),
('585','5101 Schulist Passage Suite 992','61'),
('586','8193 Mason Way Suite 581','727'),
('587','361 Lizzie Valley','270'),
('588','23150 Jose Springs','473'),
('589','63103 Nitzsche Stream','170'),
('590','75127 Frida Well Apt. 900','319'),
('591','368 Daisha Locks Suite 913','628'),
('592','2911 Loyce Place Apt. 916','160'),
('593','8173 Dock Throughway','498'),
('594','73227 Klein Plains Apt. 849','79'),
('595','69197 Shaun Port','678'),
('596','8834 Candice Drive','849'),
('597','52628 Schiller Passage Suite 936','476'),
('598','48042 Malachi Corners','134'),
('599','754 Fritsch Ferry','98'),
('600','0729 Bauch Keys Apt. 101','767'),
('601','607 Hudson Lane','930'),
('602','1163 Willms Wells','380'),
('603','5731 Rowena Centers','561'),
('604','039 Jedidiah Camp Apt. 143','845'),
('605','6234 Gleichner Mountain Suite 252','580'),
('606','948 Windler Parkways','598'),
('607','5762 Fadel Place Apt. 568','741'),
('608','6878 McDermott Terrace','514'),
('609','59889 Monroe Ridge','105'),
('610','13314 Grimes Drive Suite 977','728'),
('611','8259 Boyer Pine','73'),
('612','26451 Schaden Mills Apt. 694','85'),
('613','203 Adrian Brook Apt. 745','457'),
('614','78575 Andres Tunnel Apt. 650','84'),
('615','5297 Linnea Trail Suite 165','264'),
('616','9392 Armani Fields Suite 870','518'),
('617','31695 Anderson Orchard','810'),
('618','6498 Reta Way Apt. 120','533'),
('619','483 Claudia Spurs','990'),
('620','018 Roberto Manors','980'),
('621','0336 Lorenza Harbors Apt. 865','852'),
('622','5523 O\'Hara Fords','618'),
('623','071 Hoeger Bridge Apt. 138','139'),
('624','369 Abigayle Union Apt. 419','349'),
('625','735 Gulgowski Fork Apt. 860','696'),
('626','667 Keshaun Ports','816'),
('627','81718 Lauretta Isle Apt. 320','198'),
('628','270 McCullough Mall Apt. 537','171'),
('629','89436 Shayne Mall','949'),
('630','646 Jordi Street','295'),
('631','621 Clotilde Port Apt. 905','938'),
('632','090 Conroy Village','879'),
('633','292 West Crossroad Suite 619','675'),
('634','47317 Gia Squares Apt. 804','498'),
('635','392 Ortiz Groves Apt. 840','723'),
('636','3756 Herman Stream','254'),
('637','577 Mills Drive','96'),
('638','6508 Bud Divide Apt. 332','463'),
('639','62726 Langosh Harbor','767'),
('640','95508 Klocko Haven','201'),
('641','22484 Arden Prairie Apt. 735','190'),
('642','66762 Nitzsche Plain','839'),
('643','6784 Gaylord Way','285'),
('644','33309 Reynolds Port','647'),
('645','6223 Mafalda Trail Suite 598','923'),
('646','597 Kovacek Plaza Apt. 517','548'),
('647','9983 Carrie Stream Apt. 885','164'),
('648','78654 Heidenreich Forge Apt. 120','732'),
('649','9077 Wiza Haven','81'),
('650','0166 Sanford Circle Apt. 151','154'),
('651','96239 Kulas Mountain Suite 289','712'),
('652','01988 Schuppe Trail Suite 827','933'),
('653','00279 Rodrigo Fall Apt. 980','771'),
('654','035 Amely Skyway Suite 372','850'),
('655','922 Hyman Land','282'),
('656','392 Nakia Circles Apt. 508','466'),
('657','69915 Eleanore Grove','666'),
('658','22889 Dawson Forks','479'),
('659','6167 Freeman Road Suite 390','636'),
('660','8350 Kenneth Meadow','615'),
('661','27159 Mitchell Views','774'),
('662','279 Effertz Square','573'),
('663','174 Kertzmann Crossroad Apt. 861','493'),
('664','72334 Ferry Ville Apt. 427','448'),
('665','933 Millie Meadows','71'),
('666','588 Kerluke Flat','215'),
('667','1900 Brown Mission Suite 691','702'),
('668','43835 Huel Camp','167'),
('669','447 Smith Squares Apt. 058','677'),
('670','158 Clemens Light','469'),
('671','00792 Dortha Unions Suite 349','367'),
('672','1226 D\'Amore Field Suite 774','867'),
('673','859 Kacie Ford','307'),
('674','69765 Lesch Field Suite 888','652'),
('675','51642 Gusikowski Square','513'),
('676','5117 Madyson Neck Suite 526','230'),
('677','174 Fadel Island','199'),
('678','6587 Harley Union Apt. 732','677'),
('679','647 Hoeger Garden Apt. 883','962'),
('680','54574 River Course','280'),
('681','056 Reyes Plain','830'),
('682','70532 Swaniawski Way','673'),
('683','79152 Olson Centers Suite 415','212'),
('684','39780 Gretchen Terrace Suite 605','600'),
('685','1077 Nolan Gardens','522'),
('686','6869 Walter Parkways Apt. 696','493'),
('687','04635 Fae Pike Apt. 569','65'),
('688','156 Berneice Keys Apt. 510','188'),
('689','08184 Brekke Mountain Suite 402','971'),
('690','6478 McKenzie Forest Suite 845','701'),
('691','5927 Ernser Inlet','802'),
('692','544 Abigail Street Suite 776','745'),
('693','33493 Donnelly Port','274'),
('694','03856 Hintz Wells Apt. 573','295'),
('695','11945 Justyn Island Suite 344','193'),
('696','85778 Cummings Terrace','345'),
('697','66729 Kautzer Estate','509'),
('698','833 Walsh Branch','894'),
('699','81673 Monserrate Street','511'),
('700','7257 Luis Hollow Apt. 010','186'),
('701','04258 Steuber Valleys','363'),
('702','4070 Scotty Hills','878'),
('703','95961 Heidenreich Plaza','53'),
('704','66035 Kuhic Forest Apt. 681','670'),
('705','878 Brown Burg Suite 154','529'),
('706','327 Breitenberg Village Suite 703','566'),
('707','6647 Zane Ranch Suite 689','899'),
('708','6132 Hackett Row','728'),
('709','755 Cordie Court Apt. 199','242'),
('710','593 Ryan Pike Apt. 036','860'),
('711','05585 Immanuel Tunnel Suite 972','7'),
('712','51435 Bartell Oval','71'),
('713','007 Johnston Street Suite 600','532'),
('714','8711 Tillman Squares','218'),
('715','786 Lehner Neck','671'),
('716','0754 Zakary Crest Suite 438','54'),
('717','536 West Garden Apt. 554','710'),
('718','590 Yundt Land Apt. 063','736'),
('719','817 Rene Parks','241'),
('720','71300 Reichel River','681'),
('721','530 Sylvan Ferry Suite 671','436'),
('722','85653 Viva Plaza Apt. 544','43'),
('723','78472 Rutherford Course','425'),
('724','5237 Marty Motorway','710'),
('725','787 Orlo Turnpike Suite 320','337'),
('726','19605 Beier Locks Apt. 471','618'),
('727','419 Furman Pass Apt. 666','55'),
('728','3166 Melvin Stravenue','846'),
('729','787 Conn Drive Suite 082','512'),
('730','5833 Kassulke Points Apt. 645','566'),
('731','4576 Taylor Rest Suite 203','32'),
('732','7066 Javon Court Apt. 284','874'),
('733','0316 Gustave Mills Apt. 230','443'),
('734','887 Justyn Crest','84'),
('735','6224 Fritsch Crossroad','543'),
('736','7572 Renner Station Apt. 708','971'),
('737','83460 Skyla Cove','649'),
('738','9450 Janessa Pike Apt. 609','441'),
('739','64298 Murazik Crossroad Apt. 700','698'),
('740','4825 Michael Pine','890'),
('741','746 Leuschke Ranch','301'),
('742','4254 Boehm Glen','705'),
('743','615 Gerhold Mountain','961'),
('744','2918 Will Divide Apt. 020','832'),
('745','7152 Stephanie Squares','922'),
('746','736 Miles Trace Suite 630','631'),
('747','5794 Pagac Bypass Apt. 351','886'),
('748','12531 Lempi Viaduct','632'),
('749','815 Lindsay Heights','367'),
('750','187 Eugene Roads Apt. 837','126'),
('751','84130 Lukas Mews Apt. 300','312'),
('752','1124 Delaney Ways Suite 101','803'),
('753','21906 Travis Squares','169'),
('754','235 Dietrich Pines','737'),
('755','672 Ryan Trail Apt. 145','512'),
('756','53346 Kayleigh Light Suite 223','506'),
('757','7586 King Bridge','354'),
('758','871 Prohaska Estate','567'),
('759','569 Ziemann Fords','351'),
('760','6398 Garret Roads','865'),
('761','7056 Welch Forest Suite 074','132'),
('762','164 Shawn Port Suite 680','382'),
('763','887 Zakary Light','739'),
('764','15848 Geovanni Shoals','574'),
('765','19583 Bechtelar Harbors','466'),
('766','709 Schroeder Causeway','281'),
('767','110 Nathan Avenue Apt. 996','545'),
('768','0895 Fletcher Points','114'),
('769','0201 Camylle Trace Apt. 357','722'),
('770','32317 Jeanette Drives Apt. 349','243'),
('771','7645 Collins Keys','4'),
('772','906 Hettinger Village Apt. 899','22'),
('773','29171 Renner Court Apt. 109','947'),
('774','52314 Pearlie Drive Suite 351','965'),
('775','5824 Mills Ville Suite 225','854'),
('776','22193 Magali Freeway Apt. 038','868'),
('777','8492 Maynard Shoals','596'),
('778','77613 Collier Springs Suite 089','739'),
('779','618 Leuschke Greens Apt. 042','499'),
('780','740 Amir Unions Apt. 442','962'),
('781','3921 Klocko Bypass','865'),
('782','2966 Jamil Streets Apt. 206','811'),
('783','70463 Clemens Station','764'),
('784','58044 Mallory Burgs Apt. 959','33'),
('785','38361 Chelsie Creek Suite 133','547'),
('786','38580 Jaiden Islands Suite 407','276'),
('787','646 Alfredo Islands Apt. 481','538'),
('788','3830 Swaniawski Roads','901'),
('789','5635 Christ Keys','842'),
('790','857 Antonietta Road Suite 161','889'),
('791','750 Astrid Parkway','765'),
('792','068 Bechtelar Meadow Suite 916','973'),
('793','3625 Collier Well','270'),
('794','6039 Audreanne Curve Apt. 859','504'),
('795','308 Gilberto Lock','547'),
('796','886 Dejah Row Suite 754','736'),
('797','068 Bruen Stream Apt. 417','784'),
('798','85247 Glover Common','91'),
('799','484 Johnson Causeway','850'),
('800','11018 Demond Route Suite 849','506'),
('801','9903 Edyth Harbor','334'),
('802','447 Linda Landing Apt. 720','853'),
('803','746 Edgar Shores','527'),
('804','340 Amani Garden Apt. 639','280'),
('805','855 Natalia Corners','818'),
('806','7751 Blake Streets','380'),
('807','18772 Reynolds Skyway','148'),
('808','173 Schroeder Row Suite 580','413'),
('809','8452 Keeling Crossing','118'),
('810','075 Kirlin Pines','647'),
('811','73166 Macejkovic Street Apt. 394','375'),
('812','39507 Gerardo Knolls','982'),
('813','7326 Rolfson Park Apt. 948','457'),
('814','98479 Eliseo Common','138'),
('815','77768 Niko Bypass','15'),
('816','52610 McLaughlin Unions','3'),
('817','21346 King Cove Suite 820','414'),
('818','0167 Beatty Island','553'),
('819','62295 Fern Passage','903'),
('820','7488 Zola Square Apt. 947','255'),
('821','332 Wendy Center Suite 194','441'),
('822','36441 Yundt Lake Apt. 355','668'),
('823','33760 Lubowitz Pass Apt. 825','228'),
('824','38917 Christine Parkways','711'),
('825','757 Wehner Squares','172'),
('826','4538 Hammes Parks Apt. 689','774'),
('827','635 Rodolfo Ridge Apt. 563','446'),
('828','718 Frida Harbors','955'),
('829','6674 King Highway','865'),
('830','544 Kay Mount Apt. 114','295'),
('831','5635 Domenic Haven Apt. 162','460'),
('832','647 Ebert Mount Apt. 266','198'),
('833','007 Quincy Ridge Suite 555','148'),
('834','5040 Effie Haven Apt. 540','987'),
('835','63986 Lind Estates Suite 620','477'),
('836','275 Madelyn Cove Apt. 831','965'),
('837','34216 Herman Crest Suite 994','366'),
('838','28475 Sanford Turnpike Apt. 052','625'),
('839','28175 Zaria Curve','378'),
('840','7759 Cody Ridge Apt. 841','484'),
('841','46629 Torphy Manor Suite 448','271'),
('842','0811 Wiegand Forest Suite 109','752'),
('843','9363 Lucile Street Apt. 036','466'),
('844','5971 Arnoldo Villages','727'),
('845','855 Bethany Forges Suite 905','890'),
('846','5722 Greenholt Hills Suite 352','480'),
('847','929 Oleta Springs','730'),
('848','85374 Antonia Plains Suite 456','303'),
('849','64406 Beatty Spur Apt. 222','32'),
('850','4155 Durgan Track','633'),
('851','935 Schinner Fords Suite 026','557'),
('852','8310 Nils Parkway Apt. 427','472'),
('853','45925 Ayla Greens','301'),
('854','586 Schimmel Burg','785'),
('855','2069 Ocie Greens Apt. 910','182'),
('856','18074 Eddie Mill Apt. 847','472'),
('857','040 Bednar Camp','558'),
('858','2932 McGlynn Avenue Suite 269','628'),
('859','5353 Caleb Overpass','426'),
('860','093 Schinner Shoal','422'),
('861','48320 Fritsch Flat Apt. 719','922'),
('862','2769 Misty Harbors','886'),
('863','3619 Kessler Landing','620'),
('864','1953 Chanelle Inlet','69'),
('865','296 Schultz Crossroad','872'),
('866','7714 Jacobi Stravenue','96'),
('867','90854 Jerod Spurs Suite 747','34'),
('868','5363 Rod Mountains Apt. 823','238'),
('869','00804 Stracke Terrace Suite 473','721'),
('870','3253 Wilton Unions Apt. 016','411'),
('871','42434 Bernier Station','721'),
('872','85447 Jerald Bypass','991'),
('873','47919 Ortiz Circle','163'),
('874','892 Gorczany Locks Apt. 099','186'),
('875','89244 Block Falls Apt. 282','717'),
('876','9618 Kuhlman Falls','52'),
('877','514 Tomasa Lock Apt. 313','666'),
('878','677 Wilton Tunnel Suite 695','447'),
('879','4719 Dessie Hill','354'),
('880','2109 Jamey Vista','697'),
('881','420 Joan Lodge Suite 455','79'),
('882','4464 Dach Rue Suite 110','911'),
('883','87268 Shanahan Union','169'),
('884','975 Leffler Parkways Suite 919','379'),
('885','72638 Crona Harbors','695'),
('886','104 Hattie Motorway Suite 042','351'),
('887','8327 King Key','850'),
('888','508 Maude Stream','253'),
('889','413 Fisher Shore','978'),
('890','931 Hermann Court Suite 672','276'),
('891','67684 Koss View','675'),
('892','07013 Eula Underpass','899'),
('893','65352 Kulas Drive','162'),
('894','3791 Sauer Keys','294'),
('895','349 Rod Glens','968'),
('896','57096 Rempel Pike Apt. 696','33'),
('897','52683 Schimmel Locks Suite 923','390'),
('898','523 Eleanore Mountains','1'),
('899','56496 Gottlieb Burg Apt. 381','271'),
('900','44031 Gregoria Track','110'),
('901','60848 Lesch Ridge Suite 728','412'),
('902','4251 Joesph Islands Apt. 403','991'),
('903','59293 Presley Junctions Suite 868','100'),
('904','69927 Grimes Plaza','574'),
('905','39480 Hazel Falls','177'),
('906','8782 Zoie Forks','817'),
('907','30727 Koepp Greens','626'),
('908','56139 Lebsack Squares','843'),
('909','6575 Ewell Valleys Apt. 167','263'),
('910','70612 Leon Knoll','979'),
('911','42046 Kenna Path','540'),
('912','5618 Friesen Hills','341'),
('913','465 Karley Inlet Suite 169','890'),
('914','68710 Rutherford Point','708'),
('915','1494 Alysha Valleys','719'),
('916','949 Grant Trafficway Suite 837','585'),
('917','34860 Jakubowski Mountain','59'),
('918','5317 Jerde Shores Suite 316','569'),
('919','3891 Hilbert Land Apt. 771','837'),
('920','055 Klocko Oval Suite 628','36'),
('921','083 Crooks Cape Suite 647','844'),
('922','20062 Geraldine Mill','511'),
('923','9219 Kristoffer Islands Suite 001','935'),
('924','132 Una Orchard Suite 668','6'),
('925','80097 Cassin Mission Suite 746','805'),
('926','7560 Feeney Squares Suite 972','903'),
('927','4335 Chauncey Course Apt. 205','39'),
('928','7428 Cameron Parkways Apt. 686','194'),
('929','3462 Coleman Mall Apt. 714','904'),
('930','52139 Carey Mountain Apt. 596','309'),
('931','84998 Antonio Point Apt. 941','303'),
('932','796 Collier Burg','315'),
('933','824 Buster Canyon','300'),
('934','3039 Elnora Drive Apt. 955','403'),
('935','8655 Donato Bridge Suite 944','888'),
('936','1372 Eula Hill Suite 728','477'),
('937','521 Dariana Garden Suite 257','219'),
('938','7622 Martine Harbor','513'),
('939','373 Hettinger Streets Suite 359','319'),
('940','44145 Vella Spur Apt. 955','481'),
('941','03548 Lowe Orchard','492'),
('942','4615 Runolfsdottir Spring Apt. 236','858'),
('943','408 Armando Rest','822'),
('944','9369 Carmelo Inlet Apt. 695','382'),
('945','45812 Ova Prairie','565'),
('946','8076 Julianne Plains','541'),
('947','09936 Wiley Hill','966'),
('948','69903 Howe Camp Apt. 128','624'),
('949','41805 Cora Isle','109'),
('950','11883 Johnny Glens','803'),
('951','73831 Boyer Trace','660'),
('952','225 West Ferry Apt. 346','953'),
('953','51545 Stuart Drive','314'),
('954','87898 Cartwright Mountain Suite 367','595'),
('955','19475 Laurine Circle','959'),
('956','0625 Runolfsson Land','118'),
('957','2612 Jacobs Divide','497'),
('958','465 Grady Alley','997'),
('959','3719 Nolan Burgs Suite 173','312'),
('960','4621 Maude Canyon Apt. 448','400'),
('961','435 Anabelle Union','305'),
('962','0292 Adela Point','615'),
('963','55250 Mante Drives','714'),
('964','49936 Williamson Way','604'),
('965','407 Walker Hill','17'),
('966','01668 Hahn Camp Apt. 627','602'),
('967','825 Kuphal Junctions','81'),
('968','18730 Champlin Meadow Suite 630','236'),
('969','462 Bernita Ports Suite 332','115'),
('970','43281 Wilfrid Hills','399'),
('971','3684 Pagac Hollow Apt. 366','717'),
('972','120 Hodkiewicz Mountains','606'),
('973','4371 Bayer Parkways Apt. 358','256'),
('974','02533 Luettgen Row Apt. 881','538'),
('975','108 Baylee Mountains Suite 456','988'),
('976','2779 Sauer Brook','821'),
('977','32518 Von Prairie','79'),
('978','9919 Wiegand Drive Suite 910','954'),
('979','8200 Jerde Court','444'),
('980','316 Hyatt Port','188'),
('981','617 Russel Dale Suite 219','756'),
('982','3387 Dallas Flat Apt. 487','103'),
('983','5079 Feil Trafficway Apt. 998','141'),
('984','59522 Miller Wall','70'),
('985','115 Aimee Ridges Apt. 361','697'),
('986','8586 Buckridge River Suite 320','99'),
('987','7311 Gustave Ramp Apt. 484','188'),
('988','04440 Breitenberg Road Apt. 600','194'),
('989','696 Becker Squares Suite 437','95'),
('990','5037 Evan Ville','499'),
('991','45586 Cummings Circles Apt. 369','593'),
('992','685 Schmidt Cove','399'),
('993','67165 Huel Run Suite 957','113'),
('994','3841 Raegan Stream','307'),
('995','8375 Sophia Loaf Apt. 631','3'),
('996','687 Ziemann Lakes','130'),
('997','122 Rempel River Apt. 706','908'),
('998','5520 Hilpert Dam Suite 776','83'),
('999','74007 Maggio Shoal','365'),
('1000','102 Gaylord Mission','22'); 


DROP TABLE IF EXISTS `brand`;
CREATE TABLE `brand` (
  `id` int(11) NOT NULL AUTO_INCREMENT,
  `name` varchar(50) DEFAULT NULL,
  PRIMARY KEY (`id`),
  FULLTEXT (`name`)
) ENGINE=InnoDB AUTO_INCREMENT=1001 DEFAULT CHARSET=utf8mb4;

INSERT INTO `brand` VALUES ('1','Okuneva-Halvorson'),
('2','Cruickshank, Wehner and Jast'),
('3','Jacobs-Schumm'),
('4','Jerde-Effertz'),
('5','Harris LLC'),
('6','Medhurst-Kassulke'),
('7','Simonis and Sons'),
('8','Kunde-Kreiger'),
('9','Kihn Group'),
('10','Herzog-Morar'),
('11','Considine, Kiehn and Nitzsche'),
('12','Homenick PLC'),
('13','Senger, Borer and Bauch'),
('14','Nitzsche-Witting'),
('15','Keebler Inc'),
('16','Lindgren-O\'Reilly'),
('17','Grimes and Sons'),
('18','Abshire-Wolf'),
('19','Pacocha-Walter'),
('20','Langosh, McCullough and Stroman'),
('21','Watsica-Emard'),
('22','Metz-Homenick'),
('23','Hessel Inc'),
('24','Williamson-Zboncak'),
('25','Wiegand and Sons'),
('26','Fritsch, Kertzmann and Kuhn'),
('27','Ortiz, Schmeler and Balistreri'),
('28','Balistreri, Hermann and Kassulke'),
('29','Spencer and Sons'),
('30','O\'Kon-Durgan'),
('31','Lind LLC'),
('32','Kovacek Ltd'),
('33','Kovacek-Kling'),
('34','Raynor, Reichel and Veum'),
('35','Jacobs Ltd'),
('36','Kuhic, O\'Kon and Breitenberg'),
('37','Grant-Marvin'),
('38','Hansen, Hane and Zieme'),
('39','Hermiston Ltd'),
('40','Berge Inc'),
('41','Hackett Ltd'),
('42','Crist, Klein and Crona'),
('43','Daniel, Shanahan and Weimann'),
('44','Wilkinson, Bechtelar and Frami'),
('45','Shields, Schuster and Wuckert'),
('46','Gutkowski, Wehner and Block'),
('47','Dach LLC'),
('48','Schmeler-Lemke'),
('49','Kuvalis, Bechtelar and Cremin'),
('50','Kuhn Ltd'),
('51','Maggio PLC'),
('52','Kuhic LLC'),
('53','Wintheiser, Friesen and Kunze'),
('54','Lemke-Hettinger'),
('55','Kilback and Sons'),
('56','Jacobson, Reynolds and Mosciski'),
('57','Murray, Kertzmann and Abernathy'),
('58','Prosacco-Gislason'),
('59','Blanda and Sons'),
('60','Ward Group'),
('61','Crooks-Toy'),
('62','Torp, Smith and Koch'),
('63','Pfannerstill Ltd'),
('64','Schinner-Mraz'),
('65','Mayert-Ryan'),
('66','Miller, Beier and Braun'),
('67','Boehm, Roob and Botsford'),
('68','Simonis and Sons'),
('69','Vandervort-Stiedemann'),
('70','Flatley-Walter'),
('71','Farrell, Konopelski and Cassin'),
('72','Gusikowski and Sons'),
('73','Altenwerth, Jacobson and Nader'),
('74','Reilly, Prohaska and Wunsch'),
('75','Bayer, Blanda and Kub'),
('76','Mante PLC'),
('77','Heaney-Gleason'),
('78','Cole, Gerlach and Hoppe'),
('79','Schroeder-Gerhold'),
('80','Greenholt LLC'),
('81','Jacobi PLC'),
('82','Bins Ltd'),
('83','Kulas LLC'),
('84','Langosh-Kiehn'),
('85','Greenholt and Sons'),
('86','Adams-Swift'),
('87','Johnston-Hauck'),
('88','Price Ltd'),
('89','Yost-Windler'),
('90','Jakubowski-Hermiston'),
('91','Aufderhar and Sons'),
('92','Cole-Towne'),
('93','Schamberger, Schmitt and Muller'),
('94','Kerluke Ltd'),
('95','Spinka-Bosco'),
('96','Schuster, Schneider and Johnson'),
('97','Schaden Ltd'),
('98','Beatty, Stanton and Hintz'),
('99','Goldner, O\'Keefe and Kemmer'),
('100','Bailey-Wisozk'),
('101','Greenfelder-Willms'),
('102','Sipes and Sons'),
('103','Bailey-Reichel'),
('104','Altenwerth, Heller and Blanda'),
('105','Rohan, Auer and Torphy'),
('106','Trantow, Jerde and VonRueden'),
('107','Kemmer PLC'),
('108','Gleason, Deckow and Terry'),
('109','Fadel-Rosenbaum'),
('110','Padberg Ltd'),
('111','Trantow Group'),
('112','Kiehn, Corkery and Hackett'),
('113','Wilkinson-Paucek'),
('114','Schroeder-Stamm'),
('115','Emard-Bednar'),
('116','Lebsack Inc'),
('117','Wuckert, Boehm and Ernser'),
('118','D\'Amore, Howell and O\'Reilly'),
('119','Baumbach, Schulist and Heaney'),
('120','Herman-Langworth'),
('121','Buckridge Ltd'),
('122','Kris-Bartell'),
('123','Armstrong-Christiansen'),
('124','Langosh, Berge and Langworth'),
('125','Moore, Cassin and Maggio'),
('126','Paucek-Cole'),
('127','Cartwright PLC'),
('128','Hintz, Hermann and Goldner'),
('129','Ebert, Halvorson and Reilly'),
('130','Erdman-Moen'),
('131','Cummerata, Hagenes and Wyman'),
('132','Bogisich, Renner and O\'Connell'),
('133','O\'Conner Ltd'),
('134','Witting Ltd'),
('135','Torphy, Schiller and Glover'),
('136','Robel, Bins and Kilback'),
('137','Beier Group'),
('138','Roberts, Medhurst and Hayes'),
('139','Cassin-McGlynn'),
('140','Oberbrunner Group'),
('141','Schmeler, Nader and Considine'),
('142','Streich and Sons'),
('143','Kling, Kemmer and Greenfelder'),
('144','Cassin Inc'),
('145','Stiedemann, Runolfsson and Schultz'),
('146','Kulas, Crooks and Nolan'),
('147','Orn-Conn'),
('148','Kuhn, Fritsch and Weissnat'),
('149','Schuppe-Hintz'),
('150','Sanford Group'),
('151','Goodwin, Dare and Senger'),
('152','Runte, Murazik and Rath'),
('153','Schneider, Fisher and Baumbach'),
('154','Mayert LLC'),
('155','Beahan-Haley'),
('156','Wolff-Rosenbaum'),
('157','Crona-Carroll'),
('158','Stamm LLC'),
('159','Blanda Group'),
('160','O\'Kon, Bayer and Simonis'),
('161','Bernhard LLC'),
('162','Yost-Schiller'),
('163','Jaskolski and Sons'),
('164','Hirthe, Trantow and Cartwright'),
('165','Prosacco, Mueller and Blick'),
('166','Zboncak-Grant'),
('167','Corkery Ltd'),
('168','Zboncak, Lesch and Mante'),
('169','Goldner, Hilpert and Armstrong'),
('170','Rogahn Group'),
('171','Baumbach, Stracke and Kohler'),
('172','Osinski and Sons'),
('173','Stoltenberg-Gulgowski'),
('174','Mann, Baumbach and Huels'),
('175','Little PLC'),
('176','Berge, Torphy and Kiehn'),
('177','Schmitt PLC'),
('178','Boyer PLC'),
('179','Medhurst-Macejkovic'),
('180','Kuvalis and Sons'),
('181','Kerluke-Kassulke'),
('182','Crona-Friesen'),
('183','Hettinger, Rice and Ritchie'),
('184','Kessler PLC'),
('185','Smith, Grant and Beer'),
('186','Beer-Kuhn'),
('187','Bashirian, Lindgren and Simonis'),
('188','Boyle-Muller'),
('189','Block-Gleichner'),
('190','Borer-Waelchi'),
('191','Eichmann Inc'),
('192','Smitham LLC'),
('193','Okuneva PLC'),
('194','Gaylord, Marks and Cole'),
('195','Hilll, Johns and Ratke'),
('196','Hodkiewicz, Schamberger and Schaefer'),
('197','Lakin PLC'),
('198','Boyle, McCullough and Wilderman'),
('199','Jacobs, Kessler and Wolf'),
('200','Okuneva, Prohaska and Kuhn'),
('201','Conroy, Crona and Bogisich'),
('202','Dicki, Jaskolski and Bashirian'),
('203','Cummings-Treutel'),
('204','Stroman LLC'),
('205','McGlynn-Rodriguez'),
('206','Senger, Haley and Hyatt'),
('207','Durgan PLC'),
('208','McDermott, O\'Hara and Schowalter'),
('209','Kuphal, Glover and Hilpert'),
('210','Hane-Parisian'),
('211','Schulist LLC'),
('212','Lang Ltd'),
('213','Casper-Runolfsson'),
('214','Schroeder-Wilkinson'),
('215','Parisian and Sons'),
('216','Berge Group'),
('217','Torp Ltd'),
('218','Stroman, Gutmann and Rath'),
('219','Kessler Inc'),
('220','Raynor LLC'),
('221','Orn PLC'),
('222','Haag-Gottlieb'),
('223','Mertz, Ferry and O\'Keefe'),
('224','Gleason PLC'),
('225','Watsica, Russel and Abshire'),
('226','Kuhn-Gleichner'),
('227','Schumm, Ratke and Roberts'),
('228','Lueilwitz, Roberts and Ullrich'),
('229','Dach Group'),
('230','Pacocha Inc'),
('231','Streich and Sons'),
('232','Simonis LLC'),
('233','Nolan-Hagenes'),
('234','Roberts-Fay'),
('235','Yost LLC'),
('236','Lind-Witting'),
('237','Marquardt, Grant and Cummerata'),
('238','Kshlerin-Bartoletti'),
('239','Farrell Group'),
('240','Langworth, Bechtelar and Gleason'),
('241','Bernier, Erdman and Gleason'),
('242','Keeling-Hoppe'),
('243','Botsford, Zulauf and Hand'),
('244','Schuster, Jones and Daniel'),
('245','Gerlach, Hand and Bernier'),
('246','Klocko, Hilll and Kihn'),
('247','Kirlin and Sons'),
('248','Bins, Shanahan and Huel'),
('249','Crooks-Homenick'),
('250','Veum, Runolfsdottir and Flatley'),
('251','Gleason LLC'),
('252','Reinger, Conn and Bartell'),
('253','Halvorson, Nicolas and Ward'),
('254','Langosh, Runolfsson and Douglas'),
('255','Beahan-Tillman'),
('256','Block and Sons'),
('257','Labadie, Goldner and Ziemann'),
('258','Stiedemann-Kunde'),
('259','Brown-Yost'),
('260','Johns, Schumm and Steuber'),
('261','Lind LLC'),
('262','Koch, Mosciski and Rolfson'),
('263','Bins-McLaughlin'),
('264','Bartoletti Ltd'),
('265','Mosciski Group'),
('266','Cassin PLC'),
('267','Muller-Corwin'),
('268','Sauer and Sons'),
('269','Hermann-Maggio'),
('270','Stoltenberg, Kozey and Hickle'),
('271','Kunde, Wisozk and Reinger'),
('272','Kuphal-Ortiz'),
('273','Ratke-Stehr'),
('274','Gottlieb PLC'),
('275','Blick-Armstrong'),
('276','Runolfsson LLC'),
('277','Orn-Satterfield'),
('278','Rohan-Windler'),
('279','O\'Hara, Gusikowski and Volkman'),
('280','Parisian, Ratke and Goldner'),
('281','Larson Inc'),
('282','O\'Keefe Group'),
('283','Abernathy-Corwin'),
('284','Walsh Ltd'),
('285','Flatley-Abernathy'),
('286','Lang-Emmerich'),
('287','Feeney, Bernhard and Jones'),
('288','Emmerich PLC'),
('289','Cruickshank, Lynch and Lakin'),
('290','Mann LLC'),
('291','Funk Ltd'),
('292','Cremin-Osinski'),
('293','Olson PLC'),
('294','Renner-Champlin'),
('295','Abbott Inc'),
('296','Padberg LLC'),
('297','Mann-Shields'),
('298','Nitzsche-Kessler'),
('299','Emmerich-Renner'),
('300','Bauch LLC'),
('301','Ebert-Tillman'),
('302','Barton-Keebler'),
('303','Gerhold, Wyman and Schamberger'),
('304','Ruecker, Spencer and Luettgen'),
('305','Bartoletti, Rempel and Miller'),
('306','Pfannerstill, O\'Hara and Gorczany'),
('307','Farrell-Mann'),
('308','Mohr-Romaguera'),
('309','Mayert-Rodriguez'),
('310','Labadie Ltd'),
('311','Smitham, Thiel and Lueilwitz'),
('312','Fahey Group'),
('313','McLaughlin-Tromp'),
('314','Powlowski-Ferry'),
('315','Johnson, Ledner and Fisher'),
('316','Morar LLC'),
('317','Williamson-Schimmel'),
('318','Bahringer LLC'),
('319','Quigley-Nikolaus'),
('320','Pagac LLC'),
('321','Rath-Kreiger'),
('322','Pouros-Blanda'),
('323','Greenholt, Bechtelar and Considine'),
('324','Yundt, Fahey and Wunsch'),
('325','Leuschke, Gerlach and Hermiston'),
('326','Jast Ltd'),
('327','Prohaska and Sons'),
('328','Wilderman-Carter'),
('329','Windler PLC'),
('330','Stoltenberg, Williamson and Schimmel'),
('331','Kuhic-Okuneva'),
('332','Paucek Inc'),
('333','Hudson Ltd'),
('334','Conroy Group'),
('335','Conn-Stamm'),
('336','Corkery PLC'),
('337','Paucek, Champlin and Hermiston'),
('338','Cremin-Mann'),
('339','Koepp PLC'),
('340','Zieme-Kautzer'),
('341','Bode Group'),
('342','Anderson and Sons'),
('343','Wiegand, Tromp and Boehm'),
('344','Wuckert-Maggio'),
('345','Wilkinson Ltd'),
('346','Von and Sons'),
('347','Ruecker-Dickinson'),
('348','Rowe, Barton and Hyatt'),
('349','Ryan, Buckridge and Buckridge'),
('350','Ernser, Kunze and Jakubowski'),
('351','Cummerata, Zboncak and Jerde'),
('352','Strosin-Beer'),
('353','Green-Wyman'),
('354','Grimes-Hermann'),
('355','Luettgen LLC'),
('356','Romaguera-Gerhold'),
('357','Ryan Ltd'),
('358','Grimes, Herman and Barton'),
('359','Ritchie-Aufderhar'),
('360','Flatley Inc'),
('361','Boyer-Kohler'),
('362','Moen-Brakus'),
('363','Ernser, Prosacco and Quitzon'),
('364','Jenkins-Nader'),
('365','Kunze, Jaskolski and Hahn'),
('366','Zulauf Ltd'),
('367','Jacobi, Schmitt and Steuber'),
('368','Parker Ltd'),
('369','Gleichner, Hessel and Cormier'),
('370','Lang PLC'),
('371','Swaniawski Group'),
('372','Predovic, Von and Stark'),
('373','Blick, Ziemann and Kihn'),
('374','Robel, Kutch and Schneider'),
('375','Reichel-Williamson'),
('376','Bruen, Wolf and Langworth'),
('377','Stokes Inc'),
('378','Harvey, Fay and Collins'),
('379','Adams Inc'),
('380','Ebert-O\'Connell'),
('381','Fadel-Hyatt'),
('382','Denesik, Bruen and Ward'),
('383','Greenholt, O\'Hara and Koepp'),
('384','Shields PLC'),
('385','O\'Keefe PLC'),
('386','Purdy, Kub and Lang'),
('387','Langosh Inc'),
('388','Yost Group'),
('389','Tremblay, Bode and Ratke'),
('390','McGlynn Inc'),
('391','Wisozk PLC'),
('392','Parisian Group'),
('393','Dach, Wolff and DuBuque'),
('394','Predovic-Wolf'),
('395','Wolf-Hansen'),
('396','Streich and Sons'),
('397','Armstrong-Wisoky'),
('398','Schaefer-Bergstrom'),
('399','Schinner, Batz and Fahey'),
('400','Brakus-Kub'),
('401','Roob PLC'),
('402','Turner, Renner and Jacobson'),
('403','Rice-Bartell'),
('404','Lynch, O\'Connell and Ritchie'),
('405','Pouros, Considine and Cartwright'),
('406','Lesch, Rath and Cummerata'),
('407','Bednar Ltd'),
('408','Farrell, Bauch and Schinner'),
('409','Jast, Gaylord and Stracke'),
('410','Graham-Klocko'),
('411','Roberts Inc'),
('412','McLaughlin Group'),
('413','Hayes, Hamill and Steuber'),
('414','Cartwright-Altenwerth'),
('415','Zieme Ltd'),
('416','Tillman-Little'),
('417','Dibbert and Sons'),
('418','Buckridge, Rippin and Donnelly'),
('419','Rodriguez and Sons'),
('420','Kihn-Deckow'),
('421','Schaden LLC'),
('422','Heller PLC'),
('423','Crooks LLC'),
('424','Homenick Group'),
('425','Turner-Fadel'),
('426','Rodriguez-Jacobs'),
('427','Heller-Nicolas'),
('428','Simonis, Hirthe and Reichel'),
('429','Dietrich, Dooley and Kuvalis'),
('430','McKenzie PLC'),
('431','Considine, Vandervort and Marks'),
('432','Pfeffer and Sons'),
('433','Maggio Ltd'),
('434','Sipes PLC'),
('435','West, Quigley and Klocko'),
('436','Nitzsche, Crist and Gutkowski'),
('437','Konopelski and Sons'),
('438','Harber LLC'),
('439','Grady-Nader'),
('440','Renner-Cremin'),
('441','Schuppe-Lowe'),
('442','Hansen-Halvorson'),
('443','Langworth and Sons'),
('444','Mohr-Predovic'),
('445','Gulgowski, Bednar and Gerlach'),
('446','Zboncak, Gibson and Stroman'),
('447','Hintz-Botsford'),
('448','Schiller LLC'),
('449','Hilll-Kiehn'),
('450','Sporer Inc'),
('451','Schaden, Osinski and Dibbert'),
('452','Fisher, Lynch and Sauer'),
('453','Ortiz, Shanahan and Heaney'),
('454','Hayes, Bogan and Barton'),
('455','Pagac, Funk and Harber'),
('456','Yundt LLC'),
('457','Hansen LLC'),
('458','Schaden, Beatty and McCullough'),
('459','Little-Cassin'),
('460','Moore, Kunde and West'),
('461','Lindgren-Lockman'),
('462','McLaughlin, Hermann and Aufderhar'),
('463','Rolfson-Gleason'),
('464','Lemke, Lang and Gaylord'),
('465','Schmitt, Kuhic and Ferry'),
('466','Lebsack-Corkery'),
('467','Wolff, Miller and Hudson'),
('468','Swift PLC'),
('469','O\'Kon, Hettinger and Collins'),
('470','Torp, Borer and Barrows'),
('471','Barton-Marquardt'),
('472','Berge, Terry and Macejkovic'),
('473','Medhurst, Cremin and Turcotte'),
('474','Romaguera, Parisian and Hettinger'),
('475','Streich Inc'),
('476','Gislason and Sons'),
('477','Jacobi Group'),
('478','Waters Group'),
('479','Howe, Hodkiewicz and Dickens'),
('480','Rau, Fahey and Quitzon'),
('481','Rohan, Keeling and Gislason'),
('482','Corkery and Sons'),
('483','Kovacek PLC'),
('484','Kuhlman-Hodkiewicz'),
('485','Pfeffer, Schmidt and Hane'),
('486','Farrell, Smitham and Wisozk'),
('487','Ferry, Wyman and Friesen'),
('488','Considine-Senger'),
('489','Watsica-Doyle'),
('490','Mills-Mertz'),
('491','Zulauf Ltd'),
('492','Abbott PLC'),
('493','Marquardt Ltd'),
('494','Ritchie Inc'),
('495','Keebler, Rice and Schimmel'),
('496','Murazik-Jacobson'),
('497','Kub, Schoen and Ruecker'),
('498','Gutkowski Inc'),
('499','Keeling-Towne'),
('500','Steuber-Beer'),
('501','Flatley, Hickle and Littel'),
('502','Berge, Gislason and Volkman'),
('503','Runolfsson, Blanda and Tremblay'),
('504','McCullough-Reinger'),
('505','Oberbrunner, McGlynn and Fay'),
('506','Mraz, Gerhold and O\'Kon'),
('507','Bode Ltd'),
('508','Doyle, Effertz and Mueller'),
('509','Mitchell-Ward'),
('510','Jast Group'),
('511','Swift-Lang'),
('512','Johns, Brakus and Walker'),
('513','Miller, Lebsack and Bartoletti'),
('514','Bashirian-Oberbrunner'),
('515','O\'Conner-Boyer'),
('516','Heidenreich, Farrell and Hane'),
('517','Bergnaum and Sons'),
('518','Considine LLC'),
('519','Kub PLC'),
('520','Gutmann, Mraz and Reichel'),
('521','Littel, Thompson and Bartoletti'),
('522','Rutherford LLC'),
('523','Johnston, O\'Hara and Gottlieb'),
('524','Konopelski Group'),
('525','Jones-Hammes'),
('526','Schaefer-Welch'),
('527','Heller Inc'),
('528','Sawayn-Durgan'),
('529','Jaskolski Group'),
('530','Hagenes LLC'),
('531','Mertz-Schaefer'),
('532','Dooley, Marquardt and Sawayn'),
('533','Abshire-Conroy'),
('534','Sawayn, Gutmann and Medhurst'),
('535','Bashirian, Yost and Hintz'),
('536','Friesen Inc'),
('537','Gleichner Inc'),
('538','Nitzsche-Keeling'),
('539','Flatley-Bergnaum'),
('540','Zboncak-McLaughlin'),
('541','Grady, Keeling and Torphy'),
('542','Watsica-Bahringer'),
('543','Ledner-Blanda'),
('544','Jones, Ondricka and Green'),
('545','Ullrich-Bailey'),
('546','Purdy, Gleason and Olson'),
('547','Streich-Wilkinson'),
('548','Grimes, Klocko and Johnson'),
('549','Mueller-Hagenes'),
('550','Wyman-Ondricka'),
('551','Dibbert, Morissette and Schmitt'),
('552','O\'Reilly-Rau'),
('553','Lindgren-Lemke'),
('554','Kirlin, Schmidt and Towne'),
('555','Bartell-Schinner'),
('556','Senger-Schulist'),
('557','Cole Inc'),
('558','Ernser, Bode and Jerde'),
('559','Kling and Sons'),
('560','Swift Group'),
('561','Marvin-Rutherford'),
('562','Dare-Monahan'),
('563','Schaefer, Sanford and Yost'),
('564','Ebert-Conroy'),
('565','Lang LLC'),
('566','Denesik PLC'),
('567','Oberbrunner-Doyle'),
('568','Mills-Willms'),
('569','Jaskolski, Graham and Stoltenberg'),
('570','Purdy-Kozey'),
('571','Torphy-Jaskolski'),
('572','King-Stiedemann'),
('573','Crona-Ortiz'),
('574','Wolff, Hauck and Padberg'),
('575','Bayer-Turner'),
('576','Deckow Group'),
('577','Hartmann, Ernser and Metz'),
('578','Gutkowski Ltd'),
('579','Feest LLC'),
('580','Kuvalis-Kilback'),
('581','Boyer-Wisozk'),
('582','Kihn, Altenwerth and Haag'),
('583','Volkman-Johnson'),
('584','Daniel-Strosin'),
('585','Larkin and Sons'),
('586','Mills-Rolfson'),
('587','Hartmann, Olson and Durgan'),
('588','Kessler-Bahringer'),
('589','Langosh, Gutkowski and Doyle'),
('590','Hartmann, Koss and Green'),
('591','Heidenreich, Robel and Tillman'),
('592','Olson-Kihn'),
('593','Hickle, Bradtke and Schuster'),
('594','Denesik LLC'),
('595','Runte and Sons'),
('596','Schimmel-Ritchie'),
('597','Goodwin-Lakin'),
('598','Hessel, Sporer and Feil'),
('599','Miller Ltd'),
('600','Ortiz Ltd'),
('601','Goldner, Zemlak and Nader'),
('602','Bogan, Kunze and Braun'),
('603','Sanford LLC'),
('604','Roberts, Price and Rosenbaum'),
('605','Toy Ltd'),
('606','Marquardt Inc'),
('607','Grady PLC'),
('608','Kihn-Krajcik'),
('609','Heathcote-Fahey'),
('610','Altenwerth-Kub'),
('611','Orn, Kozey and Cronin'),
('612','Heathcote PLC'),
('613','O\'Keefe, Weber and Effertz'),
('614','Abshire-Ledner'),
('615','Dietrich, Cruickshank and Zulauf'),
('616','Baumbach-Will'),
('617','Cassin, Walker and Gislason'),
('618','Hahn-Davis'),
('619','Gerlach PLC'),
('620','Dach-Gaylord'),
('621','Steuber, Mante and Baumbach'),
('622','Fadel-Auer'),
('623','Hartmann, Bechtelar and Thiel'),
('624','Heller PLC'),
('625','Fritsch-Botsford'),
('626','Stamm Inc'),
('627','Beatty, Konopelski and Muller'),
('628','Lakin-Ziemann'),
('629','Heidenreich, Padberg and Altenwerth'),
('630','Gulgowski-Buckridge'),
('631','Macejkovic-Borer'),
('632','Schoen Ltd'),
('633','Lubowitz, Gaylord and Kunze'),
('634','Shanahan, Schimmel and Ernser'),
('635','Macejkovic LLC'),
('636','Ward-Aufderhar'),
('637','Langworth, Greenholt and Lindgren'),
('638','Hagenes Ltd'),
('639','Wiza Group'),
('640','Smitham-Cummerata'),
('641','Pacocha-Reichert'),
('642','Lakin-Gutmann'),
('643','Hayes Inc'),
('644','Feil, Kozey and Emard'),
('645','Bernhard LLC'),
('646','Prohaska-Smitham'),
('647','Schoen Ltd'),
('648','Volkman-Little'),
('649','Parisian, Kutch and Quigley'),
('650','Block-Roberts'),
('651','Dietrich, Doyle and Wyman'),
('652','Littel, O\'Hara and Hamill'),
('653','Abshire LLC'),
('654','Heidenreich, Murray and Kuhic'),
('655','Sanford PLC'),
('656','VonRueden Inc'),
('657','Wintheiser Ltd'),
('658','Jast PLC'),
('659','Kessler, Murphy and Jones'),
('660','Littel-Feeney'),
('661','Jones-Beer'),
('662','Cartwright, Kunze and McCullough'),
('663','Zemlak Group'),
('664','Rath-Aufderhar'),
('665','King-Haag'),
('666','Will, Vandervort and Batz'),
('667','Hodkiewicz Ltd'),
('668','Mosciski Inc'),
('669','Lang, Dibbert and Fay'),
('670','Herman, Rippin and Greenholt'),
('671','Olson PLC'),
('672','Donnelly, Robel and Jerde'),
('673','Smith, Wuckert and Hammes'),
('674','Orn, Fahey and Bergstrom'),
('675','Parker, Goldner and Miller'),
('676','Kirlin-Gleason'),
('677','Mann Ltd'),
('678','Romaguera-Bernhard'),
('679','O\'Kon Ltd'),
('680','Stroman-Bernier'),
('681','Pagac, Collier and Howell'),
('682','Wilkinson Inc'),
('683','Swift-Cole'),
('684','Hoppe-Langworth'),
('685','Jakubowski, Erdman and Kuphal'),
('686','Lind PLC'),
('687','Sauer, Hettinger and Gutkowski'),
('688','Bahringer-O\'Reilly'),
('689','Stracke-Volkman'),
('690','Williamson and Sons'),
('691','Hartmann-Larson'),
('692','O\'Hara, Wisozk and Walsh'),
('693','Schoen LLC'),
('694','Jacobson, Schneider and Beer'),
('695','Jones LLC'),
('696','Rice Inc'),
('697','Rowe, Hodkiewicz and Tremblay'),
('698','Boyle-Bednar'),
('699','Labadie-Walter'),
('700','Pfeffer PLC'),
('701','Moen-Emmerich'),
('702','Heidenreich Group'),
('703','Skiles, Leffler and Abbott'),
('704','Beer Group'),
('705','Kuhlman LLC'),
('706','Price, Bosco and Hilll'),
('707','Wiza LLC'),
('708','Gutmann-Blanda'),
('709','Hermiston-Denesik'),
('710','Cormier, Hauck and Ziemann'),
('711','Johnson and Sons'),
('712','Rogahn Inc'),
('713','Kuvalis PLC'),
('714','Gerhold Ltd'),
('715','Smitham, Lakin and Frami'),
('716','Kunde and Sons'),
('717','Stehr-Emmerich'),
('718','Cronin Group'),
('719','Murray-Schuppe'),
('720','Lehner PLC'),
('721','Gaylord, Daugherty and Volkman'),
('722','Ruecker, Sipes and Langworth'),
('723','Mante PLC'),
('724','Goodwin, McKenzie and Kunde'),
('725','Tromp, DuBuque and Feest'),
('726','Purdy-Stiedemann'),
('727','Veum, Harris and Gibson'),
('728','Yundt, Altenwerth and Witting'),
('729','Quitzon-Jerde'),
('730','Bartoletti-Kshlerin'),
('731','Zieme-Watsica'),
('732','Jerde, Bernhard and Koelpin'),
('733','Bartoletti Inc'),
('734','Smitham LLC'),
('735','Bednar-Krajcik'),
('736','Zemlak and Sons'),
('737','Rosenbaum-Durgan'),
('738','Hintz-Schaefer'),
('739','Barton-Goodwin'),
('740','Kozey PLC'),
('741','Ward-Bartell'),
('742','Christiansen-Nikolaus'),
('743','Beer-Collins'),
('744','Yost Ltd'),
('745','Keebler Ltd'),
('746','Shields, Simonis and Rosenbaum'),
('747','Thompson-Marks'),
('748','Upton-Torphy'),
('749','Eichmann, Jacobson and Schneider'),
('750','Daniel Group'),
('751','Auer-Reichert'),
('752','Schumm, Prohaska and Runolfsson'),
('753','Stanton-Ryan'),
('754','Heller Ltd'),
('755','Bauch-Bosco'),
('756','Runolfsson, Wiegand and Lebsack'),
('757','Koepp Inc'),
('758','Bradtke-Macejkovic'),
('759','Rath-Raynor'),
('760','Rosenbaum, Little and Kerluke'),
('761','Howell-Reynolds'),
('762','Rippin Inc'),
('763','Gutkowski LLC'),
('764','Sipes, Rutherford and Goldner'),
('765','Greenfelder and Sons'),
('766','Welch-Huels'),
('767','Frami LLC'),
('768','Vandervort, Green and Davis'),
('769','Boyle Inc'),
('770','Lind, Pollich and Jones'),
('771','Terry-Toy'),
('772','Hudson, Powlowski and Lehner'),
('773','Bauch, Murphy and Glover'),
('774','Hettinger PLC'),
('775','Abernathy-Lesch'),
('776','Ritchie-Fahey'),
('777','Raynor Ltd'),
('778','Baumbach, Carroll and Kerluke'),
('779','Stoltenberg and Sons'),
('780','Swift, Hills and Weissnat'),
('781','Wilderman Group'),
('782','Kutch Inc'),
('783','Paucek-Christiansen'),
('784','Corkery LLC'),
('785','Marquardt, Mann and Wiegand'),
('786','Ritchie-Legros'),
('787','Gusikowski-Leffler'),
('788','Nienow Inc'),
('789','Cassin-Pfeffer'),
('790','Feest Inc'),
('791','Kris-Hane'),
('792','Graham, Mertz and Bailey'),
('793','Jacobs-Kuvalis'),
('794','Konopelski and Sons'),
('795','Tremblay and Sons'),
('796','Emmerich-Feeney'),
('797','Ward-Gibson'),
('798','Schuster Inc'),
('799','Emmerich Group'),
('800','Schuppe, Crist and Bernhard'),
('801','Kuhic LLC'),
('802','Langosh and Sons'),
('803','Von PLC'),
('804','Bednar and Sons'),
('805','Jacobs, Klocko and Orn'),
('806','Beahan Group'),
('807','Quigley-Veum'),
('808','Hahn-Fisher'),
('809','Toy PLC'),
('810','Cremin-Harvey'),
('811','Dare, Herzog and Kiehn'),
('812','Bogisich-Gusikowski'),
('813','Glover and Sons'),
('814','Crona PLC'),
('815','Champlin LLC'),
('816','Kub-Johns'),
('817','Ullrich-Mosciski'),
('818','Hahn-O\'Keefe'),
('819','Schoen Ltd'),
('820','Muller Group'),
('821','Rolfson Ltd'),
('822','Marvin Ltd'),
('823','Rice and Sons'),
('824','Yost-Gusikowski'),
('825','O\'Reilly Group'),
('826','Lesch, Farrell and Kessler'),
('827','Marvin, Ritchie and Leannon'),
('828','Hilll-Boyle'),
('829','Hirthe Ltd'),
('830','Pollich-Mann'),
('831','Okuneva Inc'),
('832','Hartmann-Dicki'),
('833','Treutel and Sons'),
('834','Kuphal and Sons'),
('835','Greenholt, Raynor and Schowalter'),
('836','Thiel-Harris'),
('837','Schinner, Bogisich and Kozey'),
('838','Carroll, Schaefer and Wilkinson'),
('839','Ebert-Bahringer'),
('840','Howell, Mertz and O\'Conner'),
('841','Champlin, Breitenberg and Schaefer'),
('842','Bergnaum, Turner and Champlin'),
('843','Lubowitz, Pagac and Lebsack'),
('844','Willms LLC'),
('845','Hilpert Ltd'),
('846','Koch, Huels and Eichmann'),
('847','Zulauf Group'),
('848','O\'Hara, Bauch and Towne'),
('849','Powlowski, Emard and Bartoletti'),
('850','Lehner-Kuphal'),
('851','Corkery, Bartoletti and Thompson'),
('852','Lind, Zemlak and Daniel'),
('853','Runolfsdottir-Harber'),
('854','Wilderman Ltd'),
('855','Goyette, Stracke and Crist'),
('856','Mertz-Koepp'),
('857','Rempel Ltd'),
('858','Muller and Sons'),
('859','Hamill Ltd'),
('860','Luettgen LLC'),
('861','Prohaska-Stoltenberg'),
('862','Mohr PLC'),
('863','Lakin, Runolfsdottir and Pfeffer'),
('864','Towne LLC'),
('865','Stanton, Prohaska and Frami'),
('866','Goyette and Sons'),
('867','Feest Ltd'),
('868','Kassulke, Schowalter and Simonis'),
('869','Ratke-Considine'),
('870','Abernathy, Kunde and Streich'),
('871','Moen Group'),
('872','Barton Inc'),
('873','Hoeger, Heathcote and Harber'),
('874','Paucek LLC'),
('875','Bogisich LLC'),
('876','Schamberger, Heller and Sipes'),
('877','Thompson, Fahey and Crist'),
('878','Schowalter-Herzog'),
('879','Mueller, Kulas and Ritchie'),
('880','Wyman, O\'Reilly and Baumbach'),
('881','Dooley Group'),
('882','Emmerich Inc'),
('883','Schumm-Hayes'),
('884','Batz Inc'),
('885','Lindgren-Bailey'),
('886','Turcotte, Gerhold and Schinner'),
('887','Gutkowski PLC'),
('888','Walsh-Mohr'),
('889','Gorczany Inc'),
('890','Farrell Inc'),
('891','Morar and Sons'),
('892','Douglas, Toy and Cummings'),
('893','Cummerata Ltd'),
('894','Lemke-Hammes'),
('895','Goodwin LLC'),
('896','Jast-Prosacco'),
('897','Cronin Inc'),
('898','Bernhard-Gutkowski'),
('899','Bernier Inc'),
('900','Marvin Group'),
('901','Jacobi, Schaden and Ebert'),
('902','Spencer Ltd'),
('903','Baumbach-Auer'),
('904','Lehner, Davis and Little'),
('905','Pagac, Reilly and Gutkowski'),
('906','Wilkinson-Green'),
('907','Koepp Ltd'),
('908','Heidenreich Group'),
('909','Stokes Ltd'),
('910','Littel, Feest and Wiza'),
('911','Wolff, Collins and Rath'),
('912','Muller-Torp'),
('913','Blanda, Little and Murray'),
('914','Botsford-Kshlerin'),
('915','Denesik-Sawayn'),
('916','Reynolds-Armstrong'),
('917','Lowe PLC'),
('918','Leuschke-Osinski'),
('919','Crooks-Trantow'),
('920','Marvin, Jacobi and Kuphal'),
('921','Bartell PLC'),
('922','Ernser, Lebsack and Raynor'),
('923','Jacobs LLC'),
('924','Mayer, McGlynn and Hayes'),
('925','Rowe and Sons'),
('926','Dickens Inc'),
('927','Bartell Group'),
('928','Breitenberg LLC'),
('929','Cassin, Cummerata and Schroeder'),
('930','Kunze, Eichmann and Walter'),
('931','Lebsack Inc'),
('932','Schuppe-Lowe'),
('933','Becker, Hamill and Paucek'),
('934','Maggio-Auer'),
('935','Glover PLC'),
('936','Miller, Rippin and Hand'),
('937','Skiles-Pouros'),
('938','Von Ltd'),
('939','Hegmann and Sons'),
('940','Fadel-Monahan'),
('941','Erdman Inc'),
('942','Tromp PLC'),
('943','Bartoletti, Marvin and Raynor'),
('944','Larkin-Schamberger'),
('945','Gaylord-Fritsch'),
('946','VonRueden PLC'),
('947','Abernathy-Hansen'),
('948','Hilpert and Sons'),
('949','Jacobi-Runolfsson'),
('950','Green Group'),
('951','Hegmann, Fisher and Weissnat'),
('952','Kessler-Hessel'),
('953','Mosciski, Reinger and Pollich'),
('954','Kemmer, Hauck and O\'Connell'),
('955','Legros, Rice and Kulas'),
('956','Hahn-Volkman'),
('957','Hagenes, Lang and Metz'),
('958','Towne-Brown'),
('959','Considine LLC'),
('960','Walsh, Schiller and O\'Reilly'),
('961','Koss-Moen'),
('962','Greenfelder-Wiegand'),
('963','Douglas-Smith'),
('964','Schulist and Sons'),
('965','Murazik PLC'),
('966','Quitzon, Nolan and Leffler'),
('967','Larson-Wilderman'),
('968','Ullrich-Wisoky'),
('969','West, Kozey and Renner'),
('970','Corkery Ltd'),
('971','Dare PLC'),
('972','Heaney LLC'),
('973','Oberbrunner Ltd'),
('974','Monahan Ltd'),
('975','Okuneva, Pouros and Satterfield'),
('976','Maggio Inc'),
('977','Erdman-Borer'),
('978','Daniel, Quigley and Bauch'),
('979','Kautzer-Torp'),
('980','Tremblay-Hoppe'),
('981','Champlin LLC'),
('982','Leffler Ltd'),
('983','Erdman PLC'),
('984','Kozey PLC'),
('985','Hilpert, Beier and Jones'),
('986','Schuster, Price and Reynolds'),
('987','Metz, Pfeffer and Lubowitz'),
('988','Kuhlman Inc'),
('989','Feest LLC'),
('990','Ryan, Hudson and Bruen'),
('991','Donnelly, Lemke and Kassulke'),
('992','Schamberger-Hartmann'),
('993','McLaughlin Group'),
('994','Romaguera-Kunze'),
('995','Jenkins, Blanda and Durgan'),
('996','McKenzie Group'),
('997','Powlowski-Wisozk'),
('998','Pacocha-VonRueden'),
('999','Farrell, Larkin and Swift'),
('1000','Halvorson-Pouros'); 


DROP TABLE IF EXISTS `category`;
CREATE TABLE `category` (
  `id` int(11) NOT NULL AUTO_INCREMENT,
  `name` varchar(50) DEFAULT NULL,
  `brand_id` int(11) DEFAULT NULL,
  PRIMARY KEY (`id`),
  KEY `brand_id` (`brand_id`),
  FULLTEXT (`name`),
  CONSTRAINT `category_ibfk_1` FOREIGN KEY (`brand_id`) REFERENCES `brand` (`id`)
) ENGINE=InnoDB AUTO_INCREMENT=1001 DEFAULT CHARSET=utf8mb4;

INSERT INTO `category` VALUES ('1','cumque','1'),
('2','totam','2'),
('3','cumque','3'),
('4','amet','4'),
('5','provident','5'),
('6','qui','6'),
('7','rem','7'),
('8','nostrum','8'),
('9','alias','9'),
('10','aut','10'),
('11','est','11'),
('12','minima','12'),
('13','amet','13'),
('14','soluta','14'),
('15','ex','15'),
('16','eius','16'),
('17','possimus','17'),
('18','sint','18'),
('19','minima','19'),
('20','ut','20'),
('21','deserunt','21'),
('22','suscipit','22'),
('23','aspernatur','23'),
('24','voluptatem','24'),
('25','itaque','25'),
('26','quasi','26'),
('27','totam','27'),
('28','quis','28'),
('29','et','29'),
('30','commodi','30'),
('31','ut','31'),
('32','voluptates','32'),
('33','nobis','33'),
('34','blanditiis','34'),
('35','optio','35'),
('36','dolor','36'),
('37','eaque','37'),
('38','nulla','38'),
('39','sint','39'),
('40','exercitationem','40'),
('41','cum','41'),
('42','eveniet','42'),
('43','ea','43'),
('44','facilis','44'),
('45','ut','45'),
('46','vel','46'),
('47','ea','47'),
('48','ea','48'),
('49','nisi','49'),
('50','inventore','50'),
('51','saepe','51'),
('52','iure','52'),
('53','dolorem','53'),
('54','perspiciatis','54'),
('55','et','55'),
('56','ducimus','56'),
('57','et','57'),
('58','non','58'),
('59','deserunt','59'),
('60','debitis','60'),
('61','commodi','61'),
('62','et','62'),
('63','illo','63'),
('64','minima','64'),
('65','similique','65'),
('66','laborum','66'),
('67','vitae','67'),
('68','odio','68'),
('69','quasi','69'),
('70','fuga','70'),
('71','modi','71'),
('72','earum','72'),
('73','ut','73'),
('74','quis','74'),
('75','similique','75'),
('76','voluptas','76'),
('77','quod','77'),
('78','consequuntur','78'),
('79','fugiat','79'),
('80','nobis','80'),
('81','eos','81'),
('82','veritatis','82'),
('83','quibusdam','83'),
('84','error','84'),
('85','quo','85'),
('86','quia','86'),
('87','qui','87'),
('88','sunt','88'),
('89','facere','89'),
('90','fugiat','90'),
('91','maxime','91'),
('92','enim','92'),
('93','cum','93'),
('94','dolorum','94'),
('95','repudiandae','95'),
('96','ad','96'),
('97','excepturi','97'),
('98','corporis','98'),
('99','id','99'),
('100','quas','100'),
('101','deleniti','101'),
('102','facere','102'),
('103','maxime','103'),
('104','cupiditate','104'),
('105','velit','105'),
('106','dolorem','106'),
('107','minima','107'),
('108','vel','108'),
('109','eveniet','109'),
('110','inventore','110'),
('111','doloremque','111'),
('112','tempore','112'),
('113','corrupti','113'),
('114','id','114'),
('115','perspiciatis','115'),
('116','dicta','116'),
('117','non','117'),
('118','et','118'),
('119','asperiores','119'),
('120','distinctio','120'),
('121','quia','121'),
('122','impedit','122'),
('123','ipsum','123'),
('124','similique','124'),
('125','expedita','125'),
('126','non','126'),
('127','quia','127'),
('128','omnis','128'),
('129','non','129'),
('130','sint','130'),
('131','voluptatem','131'),
('132','nobis','132'),
('133','fuga','133'),
('134','debitis','134'),
('135','voluptatem','135'),
('136','cum','136'),
('137','omnis','137'),
('138','tenetur','138'),
('139','consequatur','139'),
('140','quo','140'),
('141','molestiae','141'),
('142','consequatur','142'),
('143','voluptatem','143'),
('144','in','144'),
('145','recusandae','145'),
('146','consectetur','146'),
('147','quos','147'),
('148','occaecati','148'),
('149','impedit','149'),
('150','velit','150'),
('151','quae','151'),
('152','similique','152'),
('153','animi','153'),
('154','praesentium','154'),
('155','enim','155'),
('156','aliquid','156'),
('157','natus','157'),
('158','rerum','158'),
('159','rerum','159'),
('160','maxime','160'),
('161','beatae','161'),
('162','hic','162'),
('163','maxime','163'),
('164','saepe','164'),
('165','est','165'),
('166','quis','166'),
('167','soluta','167'),
('168','ea','168'),
('169','enim','169'),
('170','eos','170'),
('171','quam','171'),
('172','ipsam','172'),
('173','aut','173'),
('174','dolore','174'),
('175','tenetur','175'),
('176','aut','176'),
('177','nam','177'),
('178','eius','178'),
('179','qui','179'),
('180','illo','180'),
('181','eius','181'),
('182','aut','182'),
('183','officiis','183'),
('184','non','184'),
('185','omnis','185'),
('186','deleniti','186'),
('187','aut','187'),
('188','et','188'),
('189','quam','189'),
('190','ad','190'),
('191','qui','191'),
('192','quia','192'),
('193','dolores','193'),
('194','laborum','194'),
('195','et','195'),
('196','dolore','196'),
('197','error','197'),
('198','aspernatur','198'),
('199','reprehenderit','199'),
('200','quia','200'),
('201','eveniet','201'),
('202','saepe','202'),
('203','nihil','203'),
('204','repudiandae','204'),
('205','ipsam','205'),
('206','magni','206'),
('207','earum','207'),
('208','nulla','208'),
('209','sit','209'),
('210','quae','210'),
('211','nemo','211'),
('212','rerum','212'),
('213','aut','213'),
('214','sapiente','214'),
('215','molestiae','215'),
('216','impedit','216'),
('217','sed','217'),
('218','voluptas','218'),
('219','dolore','219'),
('220','officia','220'),
('221','ipsam','221'),
('222','doloribus','222'),
('223','quidem','223'),
('224','expedita','224'),
('225','et','225'),
('226','rerum','226'),
('227','ipsam','227'),
('228','molestiae','228'),
('229','vel','229'),
('230','distinctio','230'),
('231','nam','231'),
('232','rerum','232'),
('233','adipisci','233'),
('234','provident','234'),
('235','corrupti','235'),
('236','quo','236'),
('237','officia','237'),
('238','quasi','238'),
('239','fugit','239'),
('240','rerum','240'),
('241','ea','241'),
('242','beatae','242'),
('243','nulla','243'),
('244','aperiam','244'),
('245','fuga','245'),
('246','animi','246'),
('247','aut','247'),
('248','accusamus','248'),
('249','molestiae','249'),
('250','quasi','250'),
('251','doloremque','251'),
('252','expedita','252'),
('253','rerum','253'),
('254','quisquam','254'),
('255','at','255'),
('256','ratione','256'),
('257','aut','257'),
('258','aut','258'),
('259','cumque','259'),
('260','aut','260'),
('261','rerum','261'),
('262','qui','262'),
('263','ab','263'),
('264','ullam','264'),
('265','occaecati','265'),
('266','occaecati','266'),
('267','nisi','267'),
('268','modi','268'),
('269','hic','269'),
('270','illum','270'),
('271','quo','271'),
('272','et','272'),
('273','accusamus','273'),
('274','rerum','274'),
('275','illum','275'),
('276','doloribus','276'),
('277','ut','277'),
('278','est','278'),
('279','explicabo','279'),
('280','odio','280'),
('281','dicta','281'),
('282','quis','282'),
('283','assumenda','283'),
('284','debitis','284'),
('285','aut','285'),
('286','accusamus','286'),
('287','necessitatibus','287'),
('288','ipsa','288'),
('289','non','289'),
('290','animi','290'),
('291','ab','291'),
('292','sit','292'),
('293','aut','293'),
('294','deleniti','294'),
('295','voluptas','295'),
('296','repellendus','296'),
('297','fugit','297'),
('298','aspernatur','298'),
('299','consectetur','299'),
('300','eum','300'),
('301','officiis','301'),
('302','sint','302'),
('303','ex','303'),
('304','vel','304'),
('305','aperiam','305'),
('306','aut','306'),
('307','sed','307'),
('308','pariatur','308'),
('309','et','309'),
('310','ut','310'),
('311','aut','311'),
('312','nulla','312'),
('313','nihil','313'),
('314','velit','314'),
('315','temporibus','315'),
('316','aliquid','316'),
('317','aliquid','317'),
('318','similique','318'),
('319','nobis','319'),
('320','accusantium','320'),
('321','officia','321'),
('322','et','322'),
('323','possimus','323'),
('324','deserunt','324'),
('325','vel','325'),
('326','quia','326'),
('327','aut','327'),
('328','et','328'),
('329','corporis','329'),
('330','architecto','330'),
('331','nesciunt','331'),
('332','sequi','332'),
('333','minus','333'),
('334','odit','334'),
('335','quia','335'),
('336','voluptatibus','336'),
('337','laborum','337'),
('338','repellat','338'),
('339','inventore','339'),
('340','quibusdam','340'),
('341','cumque','341'),
('342','aut','342'),
('343','inventore','343'),
('344','aperiam','344'),
('345','fugiat','345'),
('346','ex','346'),
('347','nobis','347'),
('348','eum','348'),
('349','ab','349'),
('350','error','350'),
('351','et','351'),
('352','ipsum','352'),
('353','ut','353'),
('354','ut','354'),
('355','provident','355'),
('356','sit','356'),
('357','officia','357'),
('358','maiores','358'),
('359','natus','359'),
('360','qui','360'),
('361','maiores','361'),
('362','vel','362'),
('363','illo','363'),
('364','eum','364'),
('365','et','365'),
('366','molestiae','366'),
('367','ut','367'),
('368','sapiente','368'),
('369','quia','369'),
('370','inventore','370'),
('371','quae','371'),
('372','vel','372'),
('373','vero','373'),
('374','quae','374'),
('375','quam','375'),
('376','facere','376'),
('377','voluptatem','377'),
('378','placeat','378'),
('379','aut','379'),
('380','ea','380'),
('381','consequatur','381'),
('382','nisi','382'),
('383','voluptas','383'),
('384','expedita','384'),
('385','qui','385'),
('386','et','386'),
('387','nobis','387'),
('388','sunt','388'),
('389','est','389'),
('390','voluptas','390'),
('391','aperiam','391'),
('392','illum','392'),
('393','delectus','393'),
('394','quas','394'),
('395','eaque','395'),
('396','quibusdam','396'),
('397','necessitatibus','397'),
('398','quia','398'),
('399','eos','399'),
('400','possimus','400'),
('401','necessitatibus','401'),
('402','enim','402'),
('403','tenetur','403'),
('404','libero','404'),
('405','iusto','405'),
('406','labore','406'),
('407','vel','407'),
('408','nulla','408'),
('409','eligendi','409'),
('410','soluta','410'),
('411','provident','411'),
('412','velit','412'),
('413','mollitia','413'),
('414','natus','414'),
('415','asperiores','415'),
('416','quis','416'),
('417','aperiam','417'),
('418','vero','418'),
('419','eligendi','419'),
('420','sunt','420'),
('421','voluptatem','421'),
('422','eius','422'),
('423','quibusdam','423'),
('424','dolorem','424'),
('425','soluta','425'),
('426','labore','426'),
('427','adipisci','427'),
('428','qui','428'),
('429','deserunt','429'),
('430','vero','430'),
('431','amet','431'),
('432','quis','432'),
('433','ratione','433'),
('434','nulla','434'),
('435','excepturi','435'),
('436','aut','436'),
('437','nam','437'),
('438','et','438'),
('439','ea','439'),
('440','soluta','440'),
('441','ad','441'),
('442','voluptatibus','442'),
('443','dolor','443'),
('444','id','444'),
('445','non','445'),
('446','voluptatem','446'),
('447','et','447'),
('448','ut','448'),
('449','culpa','449'),
('450','quia','450'),
('451','necessitatibus','451'),
('452','pariatur','452'),
('453','cum','453'),
('454','neque','454'),
('455','et','455'),
('456','omnis','456'),
('457','non','457'),
('458','rerum','458'),
('459','sed','459'),
('460','saepe','460'),
('461','magnam','461'),
('462','cum','462'),
('463','et','463'),
('464','officiis','464'),
('465','sed','465'),
('466','consequatur','466'),
('467','odio','467'),
('468','blanditiis','468'),
('469','quia','469'),
('470','minima','470'),
('471','et','471'),
('472','placeat','472'),
('473','voluptate','473'),
('474','recusandae','474'),
('475','dolorem','475'),
('476','velit','476'),
('477','vero','477'),
('478','enim','478'),
('479','non','479'),
('480','ducimus','480'),
('481','dolor','481'),
('482','harum','482'),
('483','amet','483'),
('484','et','484'),
('485','corporis','485'),
('486','enim','486'),
('487','iusto','487'),
('488','error','488'),
('489','aut','489'),
('490','blanditiis','490'),
('491','maxime','491'),
('492','aperiam','492'),
('493','nemo','493'),
('494','rem','494'),
('495','rerum','495'),
('496','quaerat','496'),
('497','aliquam','497'),
('498','et','498'),
('499','corrupti','499'),
('500','natus','500'),
('501','consequatur','501'),
('502','maxime','502'),
('503','aut','503'),
('504','deserunt','504'),
('505','illum','505'),
('506','odit','506'),
('507','saepe','507'),
('508','voluptas','508'),
('509','quo','509'),
('510','molestiae','510'),
('511','voluptas','511'),
('512','illo','512'),
('513','dolore','513'),
('514','magni','514'),
('515','reprehenderit','515'),
('516','cum','516'),
('517','quidem','517'),
('518','quas','518'),
('519','impedit','519'),
('520','qui','520'),
('521','omnis','521'),
('522','laborum','522'),
('523','quis','523'),
('524','corporis','524'),
('525','soluta','525'),
('526','quasi','526'),
('527','laboriosam','527'),
('528','ut','528'),
('529','sit','529'),
('530','fuga','530'),
('531','illo','531'),
('532','doloremque','532'),
('533','enim','533'),
('534','qui','534'),
('535','ad','535'),
('536','aperiam','536'),
('537','doloribus','537'),
('538','officiis','538'),
('539','dolorem','539'),
('540','quae','540'),
('541','quo','541'),
('542','sunt','542'),
('543','nulla','543'),
('544','asperiores','544'),
('545','itaque','545'),
('546','qui','546'),
('547','aut','547'),
('548','sint','548'),
('549','omnis','549'),
('550','consectetur','550'),
('551','rerum','551'),
('552','saepe','552'),
('553','non','553'),
('554','porro','554'),
('555','accusamus','555'),
('556','molestiae','556'),
('557','quod','557'),
('558','voluptas','558'),
('559','vero','559'),
('560','et','560'),
('561','inventore','561'),
('562','nemo','562'),
('563','commodi','563'),
('564','ut','564'),
('565','est','565'),
('566','voluptatum','566'),
('567','sed','567'),
('568','sed','568'),
('569','in','569'),
('570','deserunt','570'),
('571','odit','571'),
('572','est','572'),
('573','accusamus','573'),
('574','ut','574'),
('575','veniam','575'),
('576','nostrum','576'),
('577','nihil','577'),
('578','aut','578'),
('579','enim','579'),
('580','cupiditate','580'),
('581','sit','581'),
('582','maxime','582'),
('583','unde','583'),
('584','totam','584'),
('585','dignissimos','585'),
('586','molestiae','586'),
('587','minima','587'),
('588','et','588'),
('589','iure','589'),
('590','quod','590'),
('591','id','591'),
('592','quam','592'),
('593','animi','593'),
('594','beatae','594'),
('595','porro','595'),
('596','repellendus','596'),
('597','et','597'),
('598','quae','598'),
('599','temporibus','599'),
('600','deserunt','600'),
('601','sit','601'),
('602','alias','602'),
('603','magnam','603'),
('604','in','604'),
('605','molestiae','605'),
('606','laborum','606'),
('607','qui','607'),
('608','consequatur','608'),
('609','eos','609'),
('610','voluptate','610'),
('611','quos','611'),
('612','et','612'),
('613','veniam','613'),
('614','quo','614'),
('615','et','615'),
('616','aliquid','616'),
('617','atque','617'),
('618','ducimus','618'),
('619','nisi','619'),
('620','quia','620'),
('621','iusto','621'),
('622','iure','622'),
('623','esse','623'),
('624','optio','624'),
('625','autem','625'),
('626','fugiat','626'),
('627','similique','627'),
('628','voluptas','628'),
('629','voluptatem','629'),
('630','minima','630'),
('631','omnis','631'),
('632','error','632'),
('633','explicabo','633'),
('634','magnam','634'),
('635','harum','635'),
('636','incidunt','636'),
('637','aut','637'),
('638','quia','638'),
('639','et','639'),
('640','voluptatem','640'),
('641','autem','641'),
('642','temporibus','642'),
('643','error','643'),
('644','vel','644'),
('645','eveniet','645'),
('646','sunt','646'),
('647','recusandae','647'),
('648','dolores','648'),
('649','est','649'),
('650','sit','650'),
('651','labore','651'),
('652','voluptas','652'),
('653','reprehenderit','653'),
('654','qui','654'),
('655','nulla','655'),
('656','molestiae','656'),
('657','voluptate','657'),
('658','sunt','658'),
('659','voluptatibus','659'),
('660','et','660'),
('661','dolorem','661'),
('662','explicabo','662'),
('663','eum','663'),
('664','aliquam','664'),
('665','beatae','665'),
('666','omnis','666'),
('667','eaque','667'),
('668','praesentium','668'),
('669','est','669'),
('670','distinctio','670'),
('671','qui','671'),
('672','consequatur','672'),
('673','recusandae','673'),
('674','qui','674'),
('675','aliquid','675'),
('676','consequuntur','676'),
('677','dignissimos','677'),
('678','libero','678'),
('679','eveniet','679'),
('680','voluptatem','680'),
('681','vitae','681'),
('682','maxime','682'),
('683','facilis','683'),
('684','accusamus','684'),
('685','nemo','685'),
('686','accusamus','686'),
('687','est','687'),
('688','sequi','688'),
('689','quae','689'),
('690','sed','690'),
('691','nisi','691'),
('692','consectetur','692'),
('693','voluptas','693'),
('694','exercitationem','694'),
('695','voluptas','695'),
('696','ut','696'),
('697','officiis','697'),
('698','doloremque','698'),
('699','fuga','699'),
('700','sequi','700'),
('701','reprehenderit','701'),
('702','ea','702'),
('703','eos','703'),
('704','necessitatibus','704'),
('705','quibusdam','705'),
('706','minus','706'),
('707','cum','707'),
('708','dignissimos','708'),
('709','vitae','709'),
('710','qui','710'),
('711','eveniet','711'),
('712','cupiditate','712'),
('713','tenetur','713'),
('714','excepturi','714'),
('715','dolorem','715'),
('716','totam','716'),
('717','omnis','717'),
('718','qui','718'),
('719','nesciunt','719'),
('720','omnis','720'),
('721','quia','721'),
('722','eum','722'),
('723','pariatur','723'),
('724','modi','724'),
('725','magni','725'),
('726','et','726'),
('727','distinctio','727'),
('728','quidem','728'),
('729','velit','729'),
('730','odio','730'),
('731','ex','731'),
('732','ipsa','732'),
('733','occaecati','733'),
('734','blanditiis','734'),
('735','voluptas','735'),
('736','quia','736'),
('737','in','737'),
('738','ut','738'),
('739','est','739'),
('740','aut','740'),
('741','similique','741'),
('742','rerum','742'),
('743','eum','743'),
('744','architecto','744'),
('745','et','745'),
('746','modi','746'),
('747','ut','747'),
('748','velit','748'),
('749','repudiandae','749'),
('750','explicabo','750'),
('751','omnis','751'),
('752','alias','752'),
('753','commodi','753'),
('754','fugit','754'),
('755','recusandae','755'),
('756','hic','756'),
('757','veritatis','757'),
('758','quae','758'),
('759','quisquam','759'),
('760','asperiores','760'),
('761','tenetur','761'),
('762','laudantium','762'),
('763','hic','763'),
('764','omnis','764'),
('765','accusantium','765'),
('766','repellat','766'),
('767','ex','767'),
('768','delectus','768'),
('769','dicta','769'),
('770','eius','770'),
('771','vitae','771'),
('772','est','772'),
('773','similique','773'),
('774','aut','774'),
('775','sequi','775'),
('776','nostrum','776'),
('777','ea','777'),
('778','laudantium','778'),
('779','omnis','779'),
('780','natus','780'),
('781','necessitatibus','781'),
('782','omnis','782'),
('783','adipisci','783'),
('784','officia','784'),
('785','aspernatur','785'),
('786','architecto','786'),
('787','aliquam','787'),
('788','id','788'),
('789','nobis','789'),
('790','error','790'),
('791','nihil','791'),
('792','molestiae','792'),
('793','veniam','793'),
('794','aliquid','794'),
('795','beatae','795'),
('796','sed','796'),
('797','aliquid','797'),
('798','quia','798'),
('799','aut','799'),
('800','rem','800'),
('801','neque','801'),
('802','occaecati','802'),
('803','provident','803'),
('804','voluptate','804'),
('805','aspernatur','805'),
('806','quasi','806'),
('807','et','807'),
('808','est','808'),
('809','nesciunt','809'),
('810','est','810'),
('811','quisquam','811'),
('812','et','812'),
('813','est','813'),
('814','fugit','814'),
('815','explicabo','815'),
('816','accusamus','816'),
('817','neque','817'),
('818','laudantium','818'),
('819','aliquam','819'),
('820','praesentium','820'),
('821','illo','821'),
('822','laborum','822'),
('823','veniam','823'),
('824','et','824'),
('825','voluptas','825'),
('826','nisi','826'),
('827','ea','827'),
('828','nesciunt','828'),
('829','magnam','829'),
('830','molestiae','830'),
('831','necessitatibus','831'),
('832','odio','832'),
('833','quia','833'),
('834','saepe','834'),
('835','quaerat','835'),
('836','pariatur','836'),
('837','dolorum','837'),
('838','placeat','838'),
('839','nihil','839'),
('840','sunt','840'),
('841','quis','841'),
('842','ea','842'),
('843','reiciendis','843'),
('844','totam','844'),
('845','omnis','845'),
('846','et','846'),
('847','ipsa','847'),
('848','reiciendis','848'),
('849','nam','849'),
('850','assumenda','850'),
('851','sapiente','851'),
('852','ratione','852'),
('853','aut','853'),
('854','veniam','854'),
('855','quia','855'),
('856','delectus','856'),
('857','voluptas','857'),
('858','eaque','858'),
('859','iste','859'),
('860','quia','860'),
('861','enim','861'),
('862','est','862'),
('863','voluptatem','863'),
('864','consequuntur','864'),
('865','perferendis','865'),
('866','voluptatem','866'),
('867','vel','867'),
('868','porro','868'),
('869','maxime','869'),
('870','aliquam','870'),
('871','et','871'),
('872','ab','872'),
('873','ut','873'),
('874','voluptatibus','874'),
('875','perspiciatis','875'),
('876','laudantium','876'),
('877','mollitia','877'),
('878','vel','878'),
('879','repellendus','879'),
('880','minus','880'),
('881','quo','881'),
('882','nostrum','882'),
('883','aut','883'),
('884','voluptatum','884'),
('885','totam','885'),
('886','adipisci','886'),
('887','veritatis','887'),
('888','corporis','888'),
('889','et','889'),
('890','in','890'),
('891','minima','891'),
('892','earum','892'),
('893','ut','893'),
('894','magnam','894'),
('895','blanditiis','895'),
('896','sapiente','896'),
('897','quis','897'),
('898','praesentium','898'),
('899','quia','899'),
('900','facilis','900'),
('901','cupiditate','901'),
('902','minus','902'),
('903','reiciendis','903'),
('904','quos','904'),
('905','sit','905'),
('906','qui','906'),
('907','rerum','907'),
('908','tempora','908'),
('909','dolorem','909'),
('910','nam','910'),
('911','nulla','911'),
('912','sit','912'),
('913','aspernatur','913'),
('914','omnis','914'),
('915','veniam','915'),
('916','explicabo','916'),
('917','vel','917'),
('918','ratione','918'),
('919','non','919'),
('920','error','920'),
('921','magnam','921'),
('922','facere','922'),
('923','ut','923'),
('924','sit','924'),
('925','tenetur','925'),
('926','nisi','926'),
('927','voluptas','927'),
('928','dicta','928'),
('929','quod','929'),
('930','architecto','930'),
('931','rem','931'),
('932','et','932'),
('933','iusto','933'),
('934','praesentium','934'),
('935','sed','935'),
('936','sint','936'),
('937','et','937'),
('938','facilis','938'),
('939','similique','939'),
('940','labore','940'),
('941','dolorem','941'),
('942','in','942'),
('943','eos','943'),
('944','ea','944'),
('945','voluptatem','945'),
('946','dolorum','946'),
('947','rem','947'),
('948','pariatur','948'),
('949','deleniti','949'),
('950','placeat','950'),
('951','inventore','951'),
('952','ut','952'),
('953','molestias','953'),
('954','aperiam','954'),
('955','necessitatibus','955'),
('956','consequatur','956'),
('957','at','957'),
('958','modi','958'),
('959','aut','959'),
('960','rerum','960'),
('961','qui','961'),
('962','aut','962'),
('963','voluptatem','963'),
('964','explicabo','964'),
('965','earum','965'),
('966','dolores','966'),
('967','distinctio','967'),
('968','vel','968'),
('969','inventore','969'),
('970','eaque','970'),
('971','quibusdam','971'),
('972','reprehenderit','972'),
('973','non','973'),
('974','recusandae','974'),
('975','qui','975'),
('976','sint','976'),
('977','iusto','977'),
('978','aspernatur','978'),
('979','iste','979'),
('980','et','980'),
('981','dolorum','981'),
('982','impedit','982'),
('983','libero','983'),
('984','aut','984'),
('985','placeat','985'),
('986','qui','986'),
('987','unde','987'),
('988','est','988'),
('989','aliquid','989'),
('990','dolores','990'),
('991','laborum','991'),
('992','nostrum','992'),
('993','esse','993'),
('994','recusandae','994'),
('995','dolorem','995'),
('996','ut','996'),
('997','quo','997'),
('998','magnam','998'),
('999','laboriosam','999'),
('1000','quia','1000'); 


DROP TABLE IF EXISTS `city`;
CREATE TABLE `city` (
  `id` int(11) NOT NULL AUTO_INCREMENT,
  `name` varchar(255) DEFAULT NULL,
  PRIMARY KEY (`id`),
  UNIQUE KEY `name` (`name`),
  FULLTEXT (`name`)
) ENGINE=InnoDB AUTO_INCREMENT=1001 DEFAULT CHARSET=utf8mb4;

INSERT INTO `city` VALUES ('447','Abbystad'),
('761','Abelburgh'),
('934','Abigaleville'),
('97','Abshirefort'),
('486','Adalinemouth'),
('623','Adriennefort'),
('177','Agnesburgh'),
('542','Aimeeport'),
('897','Alfonzoview'),
('408','Allenmouth'),
('210','Altenwerthburgh'),
('786','Altenwerthport'),
('717','Alvahburgh'),
('585','Alysaton'),
('425','Amanibury'),
('891','Amparochester'),
('230','Andersonton'),
('569','Andreannemouth'),
('98','Angelamouth'),
('464','Anibalstad'),
('943','Antoniettafurt'),
('771','Antoniohaven'),
('428','Aracelystad'),
('538','Armstrongfurt'),
('648','Ashtynchester'),
('440','Audreyland'),
('22','Aurelieport'),
('672','Barbarahaven'),
('350','Barrowsshire'),
('578','Bartellhaven'),
('600','Bartolettifurt'),
('676','Batzstad'),
('666','Batzview'),
('961','Baumbachburgh'),
('342','Baumbachchester'),
('845','Beierhaven'),
('863','Berylport'),
('102','Bodemouth'),
('310','Boganstad'),
('159','Bogisichchester'),
('953','Boscofort'),
('390','Boscofurt'),
('29','Breitenbergberg'),
('85','Breitenbergshire'),
('256','Bridgetberg'),
('935','Bridgettechester'),
('832','Britneyview'),
('839','Bruceland'),
('108','Buckridgeside'),
('17','Busterport'),
('650','Cadeberg'),
('476','Calebfurt'),
('821','Calistaberg'),
('781','Camylleborough'),
('198','Carissaville'),
('494','Carliside'),
('215','Casandrabury'),
('921','Casimirmouth'),
('320','Cassidytown'),
('306','Catalinaport'),
('63','Catharinetown'),
('798','Chaimstad'),
('700','Chandlerburgh'),
('960','Charlenemouth'),
('689','Christopherfort'),
('989','Colleenborough'),
('183','Concepcionborough'),
('122','Connellyshire'),
('915','Connellyside'),
('4','Considinefort'),
('103','Coreneville'),
('298','Corkeryton'),
('378','Crawfordstad'),
('497','Cronahaven'),
('129','Crooksville'),
('686','Cruickshankton'),
('952','Cummerataberg'),
('769','Cummingston'),
('923','Dachhaven'),
('968','Dahliaburgh'),
('646','Danielachester'),
('119','Danykahaven'),
('349','Darbybury'),
('657','Daughertymouth'),
('565','Daughertytown'),
('670','Davinland'),
('307','Davontown'),
('120','Dayneton'),
('156','Dereckland'),
('755','Deshaunville'),
('317','Devanchester'),
('697','Devynport'),
('92','Dibbertton'),
('235','Dibbertville'),
('637','Dickenston'),
('971','Dickensview'),
('395','Dickiview'),
('748','Douglasmouth'),
('82','Durganland'),
('674','East Alberta'),
('1','East Alfredside'),
('407','East Anita'),
('652','East Annamaeport'),
('559','East Arvidborough'),
('793','East Aurelioborough'),
('763','East Calistachester'),
('498','East Camden'),
('182','East Carmelamouth'),
('958','East Cassidyville'),
('291','East Ceasarstad'),
('44','East Chasitytown'),
('222','East Cleorabury'),
('544','East Cliffordmouth'),
('551','East Damion'),
('720','East Daphney'),
('812','East Darionmouth'),
('338','East Darrionstad'),
('49','East Denahaven'),
('474','East Derekmouth'),
('365','East Dinobury'),
('607','East Donna'),
('118','East Ebbaville'),
('224','East Eddchester'),
('380','East Emmanuelleshire'),
('696','East Ericamouth'),
('534','East Estaberg'),
('711','East Evanshire'),
('946','East Friedabury'),
('594','East Ginastad'),
('292','East Gretchenstad'),
('844','East Gustburgh'),
('882','East Hobartburgh'),
('997','East Ida'),
('293','East Jacquelynport'),
('158','East Jamal'),
('872','East Jayda'),
('858','East Jeffryborough'),
('951','East Jenaland'),
('753','East Jeramieland'),
('457','East Jeromy'),
('833','East Jolieshire'),
('846','East Kelleyburgh'),
('209','East Kendrickborough'),
('488','East Laishaview'),
('831','East Lennaberg'),
('772','East Leochester'),
('852','East Leonieland'),
('294','East Lilianburgh'),
('461','East Lomaside'),
('734','East Louveniaport'),
('172','East Lue'),
('778','East Mableborough'),
('50','East Maciefort'),
('111','East Marilou'),
('42','East Mary'),
('581','East Maximillian'),
('570','East Milan'),
('558','East Mollieshire'),
('166','East Moriah'),
('31','East Newellburgh'),
('939','East Ociemouth'),
('912','East Paulastad'),
('840','East Pearlineview'),
('305','East Raphaellefurt'),
('661','East Rasheedstad'),
('668','East Raulmouth'),
('500','East Rosettamouth'),
('944','East Rowanmouth'),
('74','East Rupert'),
('202','East Salvadorhaven'),
('153','East Selmer'),
('193','East Shirleybury'),
('399','East Spencerhaven'),
('718','East Stephaniefurt'),
('757','East Stuartberg'),
('586','East Terrell'),
('423','East Tiara'),
('268','East Tomaschester'),
('115','East Tommie'),
('99','East Toy'),
('110','East Trentonchester'),
('802','East Vella'),
('992','East Vivianne'),
('281','Eduardoland'),
('560','Effertzville'),
('848','Elnaland'),
('389','Eltamouth'),
('613','Emelymouth'),
('237','Emmaleeberg'),
('599','Emmerichborough'),
('811','Enaburgh'),
('995','Erdmanshire'),
('444','Ernestinafort'),
('136','Estelmouth'),
('213','Eugeniafort'),
('656','Eunafort'),
('799','Evalynfort'),
('902','Everettside'),
('357','Fadelville'),
('341','Farrellmouth'),
('794','Faychester'),
('30','Fayhaven'),
('311','Faystad'),
('175','Feilport'),
('548','Fernandoton'),
('990','Florenceborough'),
('46','Floyfort'),
('24','Franeckiview'),
('427','Fredaborough'),
('469','Frederiqueshire'),
('188','Friesenville'),
('481','Garnetburgh'),
('422','Gastonmouth'),
('231','Gayleshire'),
('385','Gaylordhaven'),
('194','Gerholdmouth'),
('557','Gerholdside'),
('400','Godfreystad'),
('232','Gorczanyborough'),
('817','Gracielaview'),
('388','Gradyton'),
('965','Greenholttown'),
('737','Greenmouth'),
('892','Grimesland'),
('664','Gutkowskihaven'),
('980','Gutmannfort'),
('546','Guyside'),
('199','Haagberg'),
('907','Haagborough'),
('491','Hackettville'),
('861','Hahntown'),
('21','Hahnville'),
('745','Haileeberg'),
('223','Hammesmouth'),
('295','Haneton'),
('796','Harmonview'),
('783','Harveyhaven'),
('137','Harveymouth'),
('356','Harveystad'),
('954','Hassiemouth'),
('506','Hauckchester'),
('790','Heberland'),
('181','Hegmannmouth'),
('712','Hegmannville'),
('505','Heidenreichbury'),
('125','Heidenreichfurt'),
('638','Hermanmouth'),
('196','Hermannland'),
('462','Hermanntown'),
('851','Hermistonstad'),
('999','Herzogland'),
('556','Hesselland'),
('266','Hettingerfort'),
('161','Hettingermouth'),
('217','Hillston'),
('312','Hoegerport'),
('750','Hoppeview'),
('502','Howeport'),
('770','Hubertberg'),
('511','Huelston'),
('978','Hughside'),
('643','Huldafurt'),
('1000','Huldaland'),
('280','Hymanton'),
('510','Imeldafurt'),
('114','Isacview'),
('818','Ivyton'),
('269','Izaiahchester'),
('530','Jackymouth'),
('577','Jackyside'),
('540','Jacobimouth'),
('900','Jacobsonfurt'),
('101','Jacobsshire'),
('241','Jadonberg'),
('124','Jakaylaside'),
('721','Janiyafurt'),
('318','Jarenville'),
('740','Jarvisbury'),
('26','Jastport'),
('820','Javonteborough'),
('496','Jayceborough'),
('16','Jedediahborough'),
('413','Jermainehaven'),
('521','Jewellport'),
('813','Joeport'),
('543','Joeville'),
('527','Johnathonton'),
('487','Johnsonshire'),
('386','Jonatanhaven'),
('53','Jonesmouth'),
('905','Josephinehaven'),
('426','Josianneburgh'),
('883','Jovanyborough'),
('651','Julianaberg'),
('154','Kassulkeland'),
('994','Katelynnburgh'),
('123','Kathryneport'),
('100','Kathryneside'),
('325','Kaylahfort'),
('417','Keeblerstad'),
('517','Kemmerburgh'),
('501','Kertzmannfort'),
('238','Kiarahaven'),
('568','Kiehnmouth'),
('503','Kihnport'),
('363','Kingbury'),
('373','Kirlinfurt'),
('685','Klockomouth'),
('588','Kohlershire'),
('369','Koreyland'),
('421','Kossstad'),
('391','Kosston'),
('192','Kozeyside'),
('911','Krajcikton'),
('456','Kuhlmanbury'),
('258','Kuhnport'),
('168','Kuphalchester'),
('800','Kuvalisview'),
('571','Kyleestad'),
('134','Kyleighmouth'),
('631','Labadieville'),
('814','Lake Abigaleburgh'),
('917','Lake Aiyana'),
('859','Lake Alvenastad'),
('64','Lake Alvinafurt'),
('233','Lake Anais'),
('713','Lake Asia'),
('455','Lake Astridshire'),
('351','Lake Baby'),
('751','Lake Bridget'),
('653','Lake Carletonville'),
('922','Lake Cathryn'),
('903','Lake Conor'),
('57','Lake Cristian'),
('34','Lake Darrellberg'),
('749','Lake Dorianview'),
('484','Lake Dwightfurt'),
('41','Lake Elainachester'),
('252','Lake Emmanuelmouth'),
('701','Lake Eric'),
('473','Lake Everardo'),
('784','Lake Felicia'),
('84','Lake Greta'),
('977','Lake Hermann'),
('632','Lake Ivafort'),
('348','Lake Jane'),
('834','Lake Jaydon'),
('520','Lake Jazmyne'),
('482','Lake Jensen'),
('322','Lake Johan'),
('579','Lake Joyce'),
('658','Lake Kaitlyn'),
('75','Lake Kamronshire'),
('451','Lake Kristinachester'),
('785','Lake Lucianofurt'),
('910','Lake Lura'),
('40','Lake Marley'),
('885','Lake Maxime'),
('270','Lake Meredith'),
('529','Lake Mortimerport'),
('719','Lake Myrticestad'),
('229','Lake Nannieburgh'),
('693','Lake Nevaville'),
('5','Lake Piercetown'),
('979','Lake Queeniefort'),
('354','Lake Rebeka'),
('924','Lake Renee'),
('135','Lake Roel'),
('553','Lake Rosendo'),
('777','Lake Roslynmouth'),
('162','Lake Stephanstad'),
('524','Lake Theresa'),
('95','Lake Titoport'),
('816','Lake Verlie'),
('190','Lake Vinnie'),
('705','Lake Zetta'),
('849','Lake Zoey'),
('515','Lake Zula'),
('898','Larkinport'),
('146','Larsonview'),
('827','Lawrencemouth'),
('278','Layneborough'),
('257','Lebsackton'),
('904','Lebsackville'),
('967','Lednerburgh'),
('47','Lednerfurt'),
('822','Leeberg'),
('880','Leilaport'),
('454','Lelandville'),
('359','Leliaberg'),
('606','Lemkeberg'),
('752','Leschfort'),
('937','Lexieland'),
('956','Leximouth'),
('678','Lilamouth'),
('319','Lilianachester'),
('364','Littelbury'),
('167','Lockmantown'),
('387','Lowefort'),
('710','Lubowitzmouth'),
('321','Lubowitzstad'),
('779','Lueilwitzton'),
('438','Luettgenshire'),
('768','Lulabury'),
('642','Lynchchester'),
('212','Lynchfurt'),
('105','Mabelberg'),
('176','Madalynview'),
('255','Maiyashire'),
('11','Malachiside'),
('94','Malindaport'),
('279','Mallieburgh'),
('702','Marcelinaton'),
('857','Marcosfort'),
('709','Margaritatown'),
('899','Mariahshire'),
('343','Marianeton'),
('528','Marianeville'),
('439','Marjolainefort'),
('592','Marquardtmouth'),
('583','Marshallshire'),
('810','Matteoshire'),
('901','Mavismouth'),
('28','Maxineborough'),
('340','Maxside'),
('940','Maxwellview'),
('334','McCulloughport'),
('463','McLaughlinburgh'),
('610','McLaughlinside'),
('797','McLaughlinville'),
('10','Meaghanbury'),
('37','Meaghanchester'),
('508','Medhurstbury'),
('406','Metzburgh'),
('609','Michalefurt'),
('669','Milanborough'),
('195','Misaelchester'),
('152','Mohrside'),
('131','Monahanport'),
('80','Monahanview'),
('614','Montyhaven'),
('226','Morissetteberg'),
('972','Mosciskiport'),
('147','Moshemouth'),
('360','Muellerside'),
('671','Muhammadmouth'),
('983','Murazikberg'),
('684','Murazikfort'),
('973','Murazikmouth'),
('826','Murazikton'),
('563','Murlberg'),
('792','Murphybury'),
('409','Murphyshire'),
('647','Murphyview'),
('850','Naderstad'),
('418','Natashaton'),
('675','Neldashire'),
('552','New Aditya'),
('186','New Aiden'),
('490','New Alaina'),
('415','New Alessandro'),
('644','New Alexzander'),
('277','New Alvenaport'),
('733','New Anderson'),
('32','New Aryannaburgh'),
('970','New Athena'),
('608','New Bertrand'),
('79','New Bethanybury'),
('27','New Casandrahaven'),
('164','New Casey'),
('659','New Cecil'),
('942','New Cecile'),
('729','New Clevelandbury'),
('113','New Clyde'),
('679','New Coltonfort'),
('329','New Coyland'),
('405','New Coyville'),
('655','New Danial'),
('706','New Emeliastad'),
('673','New Hestershire'),
('112','New Hilton'),
('823','New Javonteburgh'),
('555','New Jeffry'),
('617','New Jody'),
('69','New Kareemton'),
('876','New Keanu'),
('165','New Kenyon'),
('695','New Khalil'),
('335','New Lisamouth'),
('806','New Madyson'),
('367','New Maiyashire'),
('499','New Marge'),
('151','New Margieborough'),
('741','New Mateohaven'),
('616','New Maximeport'),
('207','New Melvinatown'),
('344','New Michale'),
('596','New Mustafatown'),
('144','New Mylenebury'),
('985','New Myrticefort'),
('603','New Orlo'),
('908','New Orloberg'),
('200','New Prudence'),
('441','New Raeborough'),
('236','New Ramonfort'),
('468','New Reecestad'),
('986','New Rosannaport'),
('966','New Rosie'),
('804','New Rosinaborough'),
('724','New Samson'),
('201','New Santosmouth'),
('764','New Shakira'),
('87','New Shania'),
('815','New Stellaside'),
('150','New Tyreekborough'),
('969','New Virginie'),
('541','Newtonmouth'),
('370','Nigelberg'),
('864','Nigelchester'),
('345','Nikkiburgh'),
('801','Nikolasberg'),
('624','Nikolaushaven'),
('466','Nitzschefurt'),
('392','Nolanmouth'),
('403','Nolanport'),
('602','North Adellville'),
('434','North Adolphus'),
('531','North Akeemburgh'),
('875','North Andy'),
('458','North Anikamouth'),
('450','North Aylaborough'),
('477','North Beatriceton'),
('243','North Bernie'),
('6','North Braulioshire'),
('936','North Brooklyn'),
('889','North Carli'),
('714','North Ceceliaburgh'),
('197','North Chasitytown'),
('45','North Craig'),
('133','North Daltonmouth'),
('73','North Danteberg'),
('38','North Donaldchester'),
('677','North Dustin'),
('300','North Edgar'),
('665','North Elfrieda'),
('142','North Elwinfurt'),
('104','North Emieside'),
('988','North Enochview'),
('687','North Eryn'),
('143','North Ethanhaven'),
('789','North Felipe'),
('376','North Gayleborough'),
('109','North Glenda'),
('633','North Gregberg'),
('597','North Hailey'),
('535','North Helenmouth'),
('641','North Hoseaton'),
('605','North Hunter'),
('601','North Immanuel'),
('809','North Jamirview'),
('893','North Jeromyborough'),
('353','North Johathanburgh'),
('352','North Josianneton'),
('854','North Jovany'),
('566','North Kaitlyn'),
('931','North Kavonborough'),
('984','North Kavonfort'),
('302','North Kimberly'),
('604','North Krista'),
('629','North Lavina'),
('539','North Ledaton'),
('489','North Lemuelmouth'),
('636','North Lenora'),
('316','North Lolitaton'),
('189','North Maidashire'),
('929','North Marlene'),
('564','North Megane'),
('60','North Melvinaborough'),
('261','North Mike'),
('860','North Milan'),
('856','North Montyburgh'),
('582','North Mya'),
('251','North Myrtice'),
('725','North Orlo'),
('9','North Orpha'),
('203','North Pauline'),
('191','North Phoebe'),
('70','North Romaineside'),
('249','North Rosarioborough'),
('708','North Ryley'),
('788','North Samanta'),
('8','North Samson'),
('375','North Sophiahaven'),
('485','North Syble'),
('117','North Tabitha'),
('18','North Tabithafurt'),
('333','North Talia'),
('239','North Tatyanafort'),
('430','North Tess'),
('303','North Trevionhaven'),
('837','North Vena'),
('663','North Wavamouth'),
('221','North Yasmine'),
('65','O\'Haraport'),
('126','O\'Keefeland'),
('459','O\'Konchester'),
('691','O\'Reillymouth'),
('981','Oceaneside'),
('948','Ofeliashire'),
('774','Ondrickaburgh'),
('612','Ondrickafurt'),
('245','Orahaven'),
('703','Ortizmouth'),
('987','Pagacchester'),
('595','Pagacview'),
('756','Palmaborough'),
('916','Parisianland'),
('727','Parkershire'),
('567','Penelopeville'),
('760','Petrahaven'),
('933','Pfannerstillchester'),
('180','Pfannerstillmouth'),
('782','Philipchester'),
('145','Pinkland'),
('25','Pollytown'),
('471','Port Aldenmouth'),
('163','Port Alexandromouth'),
('573','Port Alysaport'),
('12','Port Amari'),
('187','Port Anais'),
('698','Port Anibal'),
('735','Port Annetta'),
('83','Port Ashleighbury'),
('361','Port Barbara'),
('682','Port Berta'),
('225','Port Bessietown'),
('288','Port Brandonside'),
('877','Port Carleyhaven'),
('184','Port Celine'),
('216','Port Chanelle'),
('825','Port Coby'),
('347','Port Colt'),
('414','Port Coryfurt'),
('775','Port Cullen'),
('509','Port Dayana'),
('206','Port Devonteberg'),
('726','Port Domenica'),
('625','Port Dorisfort'),
('537','Port Earnestineville'),
('873','Port Eleonoremouth'),
('227','Port Elvieport'),
('909','Port Enricostad'),
('513','Port Esperanza'),
('410','Port Ezra'),
('803','Port Fausto'),
('554','Port Fayeburgh'),
('282','Port Floyd'),
('918','Port Frank'),
('621','Port Garrick'),
('715','Port Gayleburgh'),
('397','Port Gerda'),
('722','Port Gloriamouth'),
('732','Port Haylie'),
('19','Port Heleneshire'),
('550','Port Jalonbury'),
('86','Port Jammie'),
('947','Port Jarvismouth'),
('941','Port Jerelport'),
('384','Port Joellebury'),
('366','Port Juvenalstad'),
('13','Port Katlynmouth'),
('843','Port Kim'),
('420','Port Kyleton'),
('522','Port Laceyborough'),
('140','Port Laishaville'),
('81','Port Layla'),
('275','Port Leoneltown'),
('808','Port Lillymouth'),
('878','Port Loraineville'),
('523','Port Lucytown'),
('398','Port Ludieton'),
('589','Port Magdalenview'),
('572','Port Makenzieville'),
('160','Port Maramouth'),
('324','Port Marcelhaven'),
('283','Port Maureen'),
('55','Port Mauricetown'),
('634','Port Mayra'),
('870','Port Monatown'),
('747','Port Mosesberg'),
('699','Port Octaviachester'),
('681','Port Raeland'),
('419','Port Rickey'),
('372','Port Rosiebury'),
('460','Port Ruthie'),
('171','Port Shanelle'),
('337','Port Skylaberg'),
('871','Port Sonny'),
('173','Port Thomas'),
('516','Port Ursulafurt'),
('598','Port Vallie'),
('443','Port Vesta'),
('836','Port Vinnie'),
('267','Port Wava'),
('248','Port Zitafort'),
('773','Pouroshaven'),
('591','Priceshire'),
('39','Quincyside'),
('416','Quitzonberg'),
('326','Rachelleville'),
('358','Ramonbury'),
('61','Ratkehaven'),
('545','Rauport'),
('62','Raymundomouth'),
('7','Raymundoport'),
('23','Rebaland'),
('404','Reichelbury'),
('976','Rempelview'),
('218','Ricardobury'),
('842','Rickborough'),
('518','Ricoside'),
('431','Rippinland'),
('919','Robbieburgh'),
('830','Robelmouth'),
('479','Rogahnton'),
('716','Rorymouth'),
('683','Rosenbaumfort'),
('121','Rosenbaumtown'),
('174','Rowetown'),
('478','Rubyeview'),
('185','Runolfssonstad'),
('178','Russelmouth'),
('680','Saigeville'),
('930','Samfurt'),
('465','Sandratown'),
('593','Sanfordburgh'),
('339','Santaville'),
('688','Sauerfurt'),
('290','Scarlettton'),
('890','Schaeferhaven'),
('401','Schillerville'),
('205','Schimmelside'),
('723','Schmelerville'),
('932','Schmidtfort'),
('645','Schmidtmouth'),
('690','Schmidtside'),
('442','Schmittburgh'),
('452','Schmittchester'),
('739','Schmitthaven'),
('754','Schulistberg'),
('211','Schummview'),
('128','Schuppeborough'),
('627','Sengerview'),
('865','Shanahanfort'),
('895','Shawnhaven'),
('132','Silasmouth'),
('536','Skilesport'),
('587','Soniaberg'),
('526','South Adonisside'),
('273','South Alberthaland'),
('975','South Alexa'),
('928','South Amiya'),
('914','South Annie'),
('913','South Arianna'),
('926','South Berryport'),
('736','South Breanne'),
('424','South Brucemouth'),
('728','South Carleyhaven'),
('336','South Charlie'),
('453','South Clifford'),
('667','South Colin'),
('393','South Coy'),
('662','South Curtland'),
('762','South Dessie'),
('867','South Dorothy'),
('448','South Easter'),
('314','South Elvie'),
('43','South Estellahaven'),
('313','South Eunice'),
('15','South Evangelineview'),
('396','South Floridaview'),
('758','South Hiltonborough'),
('620','South Hugh'),
('323','South Jaedenfort'),
('805','South Jeanneview'),
('949','South Jessy'),
('304','South Jettieview'),
('467','South Joaquinburgh'),
('346','South Jordan'),
('855','South Josiahland'),
('14','South Josianne'),
('590','South Judy'),
('791','South Kaitlynshire'),
('274','South Kameron'),
('91','South Kayliechester'),
('819','South Keira'),
('412','South Kellen'),
('309','South Kianland'),
('437','South Lester'),
('263','South Luisa'),
('228','South Madysonland'),
('445','South Michaela'),
('411','South Mohammedland'),
('611','South Mollieborough'),
('381','South Murielmouth'),
('149','South Myrl'),
('654','South Naomi'),
('368','South Nickolas'),
('78','South Nikkiton'),
('480','South Nils'),
('214','South Noe'),
('996','South Noemyland'),
('260','South Nolan'),
('649','South Ocie'),
('959','South Paulbury'),
('432','South Phyllis'),
('130','South Presley'),
('54','South Reannaside'),
('382','South Rebekah'),
('76','South Retaport'),
('436','South Retha'),
('694','South Ricky'),
('332','South Rosalee'),
('107','South Roselynberg'),
('731','South Rowlandstad'),
('746','South Royceland'),
('262','South Rozellamouth'),
('874','South Ruthfurt'),
('68','South Savannah'),
('240','South Sethview'),
('374','South Stefanview'),
('242','South Tess'),
('884','South Tierraton'),
('116','South Verla'),
('938','South Yesenia'),
('139','South Zariashire'),
('72','South Zoemouth'),
('795','Spinkafort'),
('271','Stantonshire'),
('285','Starkberg'),
('35','Stiedemannfort'),
('780','Strackebury'),
('575','Sventon'),
('742','Sydnihaven'),
('88','Taniabury'),
('738','Taraton'),
('20','Tatumfurt'),
('276','Terencestad'),
('525','Teresaland'),
('446','Terryberg'),
('759','Thielville'),
('59','Torphytown'),
('532','Tressiehaven'),
('547','Trinityside'),
('435','Trompchester'),
('296','Tryciaport'),
('170','Turnerbury'),
('767','Turnerchester'),
('660','Turnerstad'),
('584','Tyrellshire'),
('470','Ullrichland'),
('284','Ullrichmouth'),
('493','Ullrichton'),
('67','Vandervortfurt'),
('950','Vanessaside'),
('244','Veldafurt'),
('964','Vestaport'),
('847','Vidashire'),
('379','Virgiemouth'),
('138','Vivianebury'),
('89','Waelchiburgh'),
('504','Waelchitown'),
('925','Waelchiview'),
('259','Walshport'),
('886','Walterside'),
('549','Wardfort'),
('234','Wardside'),
('287','Warrenland'),
('707','Warrenton'),
('96','Watersville'),
('630','Watsicaton'),
('71','Wendyfurt'),
('141','Wernermouth'),
('219','West Albaside'),
('776','West Alexandrofurt'),
('371','West Aliciaburgh'),
('574','West Allene'),
('879','West Amie'),
('887','West Anamouth'),
('148','West Angusside'),
('472','West Annaliseland'),
('824','West Antone'),
('208','West Avaland'),
('955','West Bernicechester'),
('179','West Bettyeborough'),
('254','West Braedenview'),
('2','West Brionnamouth'),
('220','West Bruce'),
('66','West Carole'),
('533','West Caterinamouth'),
('429','West Colin'),
('330','West Columbus'),
('507','West Cortez'),
('828','West D\'angeloville'),
('265','West Darleneville'),
('48','West Darrenbury'),
('640','West Derek'),
('841','West Donnellville'),
('52','West Eleonorefort'),
('286','West Elouise'),
('766','West Ernestburgh'),
('868','West Estella'),
('301','West Ethan'),
('894','West Ethanville'),
('838','West Forest'),
('51','West Foster'),
('328','West Franz'),
('807','West Frederique'),
('58','West Genovevamouth'),
('622','West Geoffrey'),
('787','West Gerardoview'),
('475','West Green'),
('77','West Haileychester'),
('835','West Hardy'),
('204','West Haskellton'),
('982','West Hassie'),
('56','West Herminioshire'),
('289','West Hildafurt'),
('377','West Jaronmouth'),
('519','West Joeyshire'),
('362','West Jordane'),
('272','West Josiestad'),
('402','West Julianne'),
('492','West Julius'),
('998','West Kalefurt'),
('93','West Karineshire'),
('580','West Kaylah'),
('394','West Kodyside'),
('495','West Leonardo'),
('920','West Liza'),
('626','West Lucienne'),
('355','West Ludwigside'),
('253','West Marcelton'),
('743','West Margaret'),
('974','West Margaretta'),
('433','West Maribelfurt'),
('888','West Marina'),
('297','West Maryamton'),
('945','West Melyssa'),
('33','West Michaela'),
('619','West Mozelle'),
('331','West Nicholaushaven'),
('639','West Nick'),
('483','West Octavia'),
('562','West Parker'),
('628','West Pinkietown'),
('957','West Rachael'),
('866','West Rebecabury'),
('299','West Romainemouth'),
('155','West Santiago'),
('512','West Shannonhaven'),
('618','West Sigurdhaven'),
('881','West Sincereburgh'),
('829','West Sydnee'),
('906','West Timmothy'),
('157','West Tommie'),
('106','West Tracey'),
('449','West Trycia'),
('765','West Tyreetown'),
('927','West Una'),
('247','West Vivienmouth'),
('869','West Yasmineville'),
('327','West Yvonnemouth'),
('744','Wilbertfort'),
('308','Wileyberg'),
('896','Wileychester'),
('169','Williamsonchester'),
('514','Williamsonfort'),
('692','Williamsontown'),
('853','Willieside'),
('127','Willmshaven'),
('635','Willstad'),
('3','Wiltonland'),
('704','Windlertown'),
('561','Wittingport'),
('576','Wittington'),
('246','Wolffborough'),
('90','Wolfland'),
('962','Yesseniafurt'),
('991','Yosthaven'),
('963','Yostside'),
('993','Yvetteburgh'),
('383','Yvonnefort'),
('315','Zackaryport'),
('730','Zboncakport'),
('250','Zellastad'),
('264','Zemlakmouth'),
('862','Ziemannview'),
('36','Ziemetown'),
('615','Zulaufmouth'); 


DROP TABLE IF EXISTS `color`;
CREATE TABLE `color` (
  `id` int(11) NOT NULL AUTO_INCREMENT,
  `value` varchar(50) DEFAULT NULL,
  PRIMARY KEY (`id`),
  UNIQUE KEY `value` (`value`),
  FULLTEXT (`value`)
) ENGINE=InnoDB AUTO_INCREMENT=2001 DEFAULT CHARSET=utf8mb4;

INSERT INTO `color` VALUES ('123','aqua'),
('167','black'),
('102','blue'),
('104','fuchsia'),
('118','gray'),
('107','green'),
('101','lime'),
('132','maroon'),
('103','navy'),
('108','olive'),
('106','purple'),
('110','silver'),
('109','teal'),
('128','white'),
('115','yellow'); 


DROP TABLE IF EXISTS `district`;
CREATE TABLE `district` (
  `id` int(11) NOT NULL AUTO_INCREMENT,
  `name` varchar(50) DEFAULT NULL,
  `city_id` int(11) DEFAULT NULL,
  PRIMARY KEY (`id`),
  KEY `city_id` (`city_id`),
  FULLTEXT (`name`),
  CONSTRAINT `district_ibfk_1` FOREIGN KEY (`city_id`) REFERENCES `city` (`id`)
) ENGINE=InnoDB AUTO_INCREMENT=1001 DEFAULT CHARSET=utf8mb4;

INSERT INTO `district` VALUES ('1','Alabama','854'),
('2','Wisconsin','500'),
('3','Kentucky','867'),
('4','Washington','512'),
('5','Idaho','935'),
('6','Montana','235'),
('7','Colorado','594'),
('8','WestVirginia','500'),
('9','Wisconsin','529'),
('10','Tennessee','509'),
('11','RhodeIsland','394'),
('12','Oklahoma','176'),
('13','Maine','516'),
('14','Vermont','524'),
('15','California','359'),
('16','Illinois','515'),
('17','Tennessee','16'),
('18','NorthDakota','142'),
('19','NorthDakota','43'),
('20','Kansas','374'),
('21','Florida','850'),
('22','Delaware','225'),
('23','Idaho','240'),
('24','Washington','207'),
('25','Oregon','325'),
('26','Utah','462'),
('27','Oklahoma','856'),
('28','Wisconsin','299'),
('29','Indiana','776'),
('30','California','895'),
('31','Idaho','818'),
('32','Missouri','630'),
('33','Tennessee','394'),
('34','Missouri','684'),
('35','Mississippi','142'),
('36','Louisiana','329'),
('37','Louisiana','918'),
('38','Michigan','735'),
('39','NewMexico','829'),
('40','Kansas','447'),
('41','RhodeIsland','243'),
('42','Pennsylvania','222'),
('43','NewJersey','623'),
('44','SouthDakota','759'),
('45','Minnesota','746'),
('46','WestVirginia','982'),
('47','Indiana','273'),
('48','Utah','761'),
('49','Tennessee','124'),
('50','Alaska','316'),
('51','Kentucky','134'),
('52','Louisiana','973'),
('53','SouthDakota','540'),
('54','Delaware','374'),
('55','NorthCarolina','179'),
('56','Tennessee','865'),
('57','California','835'),
('58','Vermont','34'),
('59','Montana','163'),
('60','Louisiana','611'),
('61','Florida','929'),
('62','Michigan','981'),
('63','Vermont','240'),
('64','Hawaii','322'),
('65','Wyoming','664'),
('66','Maine','381'),
('67','NewMexico','650'),
('68','Arizona','582'),
('69','Maryland','115'),
('70','Tennessee','478'),
('71','NewJersey','29'),
('72','Ohio','358'),
('73','Iowa','700'),
('74','Pennsylvania','652'),
('75','Alabama','117'),
('76','District of Columbia','445'),
('77','Oklahoma','633'),
('78','Louisiana','390'),
('79','Wisconsin','205'),
('80','Minnesota','756'),
('81','Oklahoma','706'),
('82','Nevada','339'),
('83','Hawaii','729'),
('84','SouthDakota','245'),
('85','Mississippi','712'),
('86','California','908'),
('87','Missouri','110'),
('88','Hawaii','547'),
('89','WestVirginia','942'),
('90','Illinois','273'),
('91','Louisiana','157'),
('92','Washington','870'),
('93','Vermont','253'),
('94','Tennessee','396'),
('95','Washington','192'),
('96','Nevada','916'),
('97','Oregon','776'),
('98','Wyoming','841'),
('99','Mississippi','498'),
('100','Minnesota','891'),
('101','Illinois','319'),
('102','Massachusetts','527'),
('103','NewMexico','249'),
('104','Colorado','19'),
('105','Maryland','178'),
('106','Oregon','366'),
('107','Massachusetts','463'),
('108','Virginia','811'),
('109','Tennessee','755'),
('110','Montana','668'),
('111','District of Columbia','567'),
('112','Kentucky','460'),
('113','Pennsylvania','6'),
('114','Colorado','296'),
('115','NewMexico','705'),
('116','Idaho','718'),
('117','NorthCarolina','203'),
('118','Vermont','815'),
('119','Nevada','264'),
('120','Nevada','144'),
('121','SouthCarolina','87'),
('122','NewJersey','421'),
('123','Missouri','13'),
('124','Maryland','339'),
('125','Kentucky','816'),
('126','Washington','204'),
('127','Oregon','255'),
('128','District of Columbia','592'),
('129','WestVirginia','45'),
('130','Wyoming','752'),
('131','Tennessee','482'),
('132','NewJersey','364'),
('133','Wyoming','279'),
('134','Iowa','730'),
('135','SouthDakota','382'),
('136','NewJersey','457'),
('137','WestVirginia','95'),
('138','Nevada','844'),
('139','Arkansas','267'),
('140','Florida','850'),
('141','Arkansas','512'),
('142','Arkansas','834'),
('143','Arkansas','310'),
('144','Louisiana','518'),
('145','Nevada','129'),
('146','Texas','15'),
('147','Michigan','236'),
('148','Texas','331'),
('149','Oklahoma','829'),
('150','Pennsylvania','499'),
('151','Mississippi','474'),
('152','NorthCarolina','915'),
('153','NorthDakota','919'),
('154','Ohio','487'),
('155','Montana','254'),
('156','Idaho','735'),
('157','Vermont','690'),
('158','Washington','508'),
('159','Ohio','326'),
('160','District of Columbia','735'),
('161','RhodeIsland','260'),
('162','Pennsylvania','807'),
('163','District of Columbia','98'),
('164','Vermont','538'),
('165','Delaware','537'),
('166','Louisiana','479'),
('167','Idaho','994'),
('168','Louisiana','632'),
('169','Hawaii','323'),
('170','Iowa','261'),
('171','WestVirginia','482'),
('172','Arizona','835'),
('173','Texas','94'),
('174','Arkansas','791'),
('175','Virginia','352'),
('176','Maine','222'),
('177','Delaware','806'),
('178','NorthDakota','587'),
('179','Oregon','552'),
('180','Louisiana','634'),
('181','Kansas','86'),
('182','District of Columbia','26'),
('183','Louisiana','549'),
('184','Vermont','5'),
('185','Utah','512'),
('186','District of Columbia','803'),
('187','Idaho','739'),
('188','Illinois','202'),
('189','Oregon','310'),
('190','Maine','64'),
('191','Idaho','936'),
('192','Michigan','570'),
('193','Missouri','871'),
('194','Tennessee','33'),
('195','Michigan','108'),
('196','NorthDakota','408'),
('197','Alaska','512'),
('198','Mississippi','102'),
('199','Connecticut','40'),
('200','Kansas','835'),
('201','District of Columbia','363'),
('202','WestVirginia','521'),
('203','Hawaii','669'),
('204','Vermont','456'),
('205','NorthDakota','312'),
('206','Alaska','21'),
('207','Connecticut','678'),
('208','Connecticut','117'),
('209','Hawaii','608'),
('210','NewMexico','230'),
('211','Minnesota','751'),
('212','Delaware','693'),
('213','NewJersey','255'),
('214','SouthCarolina','300'),
('215','SouthCarolina','698'),
('216','RhodeIsland','767'),
('217','Washington','102'),
('218','Kansas','436'),
('219','Maryland','968'),
('220','Oklahoma','412'),
('221','Mississippi','500'),
('222','SouthDakota','903'),
('223','Tennessee','982'),
('224','Kentucky','371'),
('225','NewJersey','936'),
('226','NorthCarolina','89'),
('227','Arkansas','778'),
('228','Idaho','448'),
('229','Washington','191'),
('230','Wisconsin','818'),
('231','Montana','283'),
('232','Texas','553'),
('233','Louisiana','338'),
('234','Texas','952'),
('235','Arkansas','9'),
('236','RhodeIsland','650'),
('237','Nevada','972'),
('238','Indiana','686'),
('239','Louisiana','767'),
('240','NorthCarolina','579'),
('241','NorthDakota','915'),
('242','Indiana','518'),
('243','Washington','272'),
('244','Florida','170'),
('245','Arizona','817'),
('246','Kansas','969'),
('247','Washington','936'),
('248','Alabama','919'),
('249','Texas','405'),
('250','Utah','904'),
('251','Kentucky','331'),
('252','Georgia','904'),
('253','WestVirginia','807'),
('254','Indiana','312'),
('255','NewJersey','275'),
('256','California','742'),
('257','NorthDakota','401'),
('258','Indiana','53'),
('259','Kansas','190'),
('260','Texas','592'),
('261','SouthCarolina','870'),
('262','Washington','472'),
('263','Iowa','144'),
('264','Missouri','208'),
('265','Michigan','424'),
('266','Oregon','152'),
('267','Oklahoma','857'),
('268','Vermont','395'),
('269','Alabama','837'),
('270','NewJersey','623'),
('271','Vermont','974'),
('272','Kansas','752'),
('273','WestVirginia','140'),
('274','Nebraska','246'),
('275','WestVirginia','921'),
('276','Kansas','957'),
('277','Virginia','214'),
('278','Washington','857'),
('279','Maine','876'),
('280','Missouri','619'),
('281','Connecticut','760'),
('282','RhodeIsland','206'),
('283','SouthCarolina','523'),
('284','Connecticut','567'),
('285','Georgia','518'),
('286','Georgia','797'),
('287','SouthDakota','308'),
('288','Kentucky','918'),
('289','Virginia','849'),
('290','SouthDakota','498'),
('291','Washington','509'),
('292','Alaska','719'),
('293','Florida','970'),
('294','Arizona','653'),
('295','Montana','926'),
('296','Georgia','393'),
('297','NewHampshire','804'),
('298','Iowa','783'),
('299','Ohio','788'),
('300','Oregon','641'),
('301','Ohio','405'),
('302','SouthDakota','761'),
('303','Montana','392'),
('304','NorthDakota','545'),
('305','California','6'),
('306','RhodeIsland','313'),
('307','Oklahoma','502'),
('308','Oklahoma','220'),
('309','Maine','170'),
('310','Missouri','377'),
('311','Oregon','838'),
('312','Massachusetts','930'),
('313','California','582'),
('314','Maine','360'),
('315','Washington','496'),
('316','WestVirginia','99'),
('317','Louisiana','157'),
('318','Washington','804'),
('319','SouthDakota','17'),
('320','Illinois','5'),
('321','California','301'),
('322','SouthCarolina','526'),
('323','Idaho','724'),
('324','Delaware','270'),
('325','Idaho','178'),
('326','Illinois','649'),
('327','SouthCarolina','663'),
('328','Illinois','982'),
('329','Nevada','431'),
('330','Georgia','450'),
('331','Virginia','622'),
('332','Arizona','836'),
('333','Nebraska','210'),
('334','Alabama','14'),
('335','Maine','380'),
('336','Alaska','216'),
('337','NewYork','327'),
('338','Wyoming','882'),
('339','Iowa','436'),
('340','Montana','496'),
('341','Virginia','258'),
('342','Idaho','273'),
('343','Tennessee','425'),
('344','NewHampshire','839'),
('345','Colorado','633'),
('346','Washington','920'),
('347','Virginia','938'),
('348','Oregon','789'),
('349','Maryland','723'),
('350','RhodeIsland','955'),
('351','Pennsylvania','794'),
('352','Alabama','24'),
('353','Delaware','480'),
('354','Nevada','517'),
('355','Pennsylvania','294'),
('356','Nevada','658'),
('357','Virginia','165'),
('358','NewJersey','956'),
('359','Kansas','639'),
('360','Montana','596'),
('361','Arizona','405'),
('362','NewHampshire','260'),
('363','Maine','431'),
('364','NewHampshire','615'),
('365','Nebraska','274'),
('366','NewMexico','811'),
('367','Utah','831'),
('368','Utah','600'),
('369','NewHampshire','692'),
('370','SouthCarolina','266'),
('371','NewHampshire','95'),
('372','NewJersey','949'),
('373','Connecticut','539'),
('374','Kansas','519'),
('375','Alabama','788'),
('376','Nevada','171'),
('377','SouthCarolina','439'),
('378','Wisconsin','726'),
('379','Pennsylvania','960'),
('380','Indiana','161'),
('381','SouthCarolina','680'),
('382','RhodeIsland','753'),
('383','Alaska','185'),
('384','WestVirginia','160'),
('385','Kansas','270'),
('386','WestVirginia','478'),
('387','Michigan','817'),
('388','Virginia','435'),
('389','NewJersey','433'),
('390','Louisiana','455'),
('391','NewJersey','30'),
('392','Wisconsin','837'),
('393','Indiana','715'),
('394','Alaska','461'),
('395','Hawaii','452'),
('396','Georgia','988'),
('397','Delaware','271'),
('398','Nevada','282'),
('399','Louisiana','587'),
('400','Alaska','963'),
('401','NorthDakota','547'),
('402','Washington','682'),
('403','Kentucky','911'),
('404','Illinois','86'),
('405','Maine','200'),
('406','District of Columbia','699'),
('407','Michigan','257'),
('408','Nevada','639'),
('409','Vermont','424'),
('410','Wisconsin','216'),
('411','NewJersey','800'),
('412','Colorado','104'),
('413','WestVirginia','969'),
('414','Nebraska','984'),
('415','Illinois','263'),
('416','SouthDakota','238'),
('417','Arkansas','461'),
('418','Missouri','79'),
('419','Massachusetts','672'),
('420','SouthDakota','894'),
('421','Oregon','534'),
('422','NorthCarolina','702'),
('423','Arkansas','731'),
('424','Delaware','248'),
('425','WestVirginia','162'),
('426','WestVirginia','182'),
('427','Florida','235'),
('428','Hawaii','433'),
('429','NewMexico','463'),
('430','California','822'),
('431','WestVirginia','395'),
('432','Missouri','10'),
('433','Wisconsin','503'),
('434','Washington','306'),
('435','Hawaii','95'),
('436','Texas','703'),
('437','Hawaii','4'),
('438','Maine','351'),
('439','Louisiana','341'),
('440','Colorado','428'),
('441','Arkansas','567'),
('442','SouthDakota','141'),
('443','NewJersey','532'),
('444','Delaware','535'),
('445','Washington','124'),
('446','Oklahoma','794'),
('447','District of Columbia','773'),
('448','WestVirginia','585'),
('449','Alabama','873'),
('450','SouthCarolina','445'),
('451','Wyoming','478'),
('452','Alaska','407'),
('453','Delaware','146'),
('454','Wisconsin','208'),
('455','Iowa','654'),
('456','Mississippi','308'),
('457','Colorado','389'),
('458','Hawaii','889'),
('459','Idaho','740'),
('460','Nevada','852'),
('461','Iowa','711'),
('462','Vermont','134'),
('463','Arizona','862'),
('464','Oregon','213'),
('465','Washington','439'),
('466','Idaho','957'),
('467','Alaska','916'),
('468','Arizona','443'),
('469','California','308'),
('470','Delaware','257'),
('471','Idaho','871'),
('472','NorthCarolina','874'),
('473','NorthDakota','397'),
('474','SouthCarolina','402'),
('475','Maine','409'),
('476','Nebraska','521'),
('477','Illinois','196'),
('478','Indiana','182'),
('479','Florida','105'),
('480','Oregon','68'),
('481','Louisiana','626'),
('482','Oklahoma','583'),
('483','California','474'),
('484','Colorado','772'),
('485','California','790'),
('486','Mississippi','128'),
('487','Ohio','79'),
('488','NorthCarolina','179'),
('489','Connecticut','17'),
('490','Oregon','818'),
('491','RhodeIsland','31'),
('492','Pennsylvania','727'),
('493','NorthCarolina','952'),
('494','Ohio','893'),
('495','Tennessee','940'),
('496','NewJersey','390'),
('497','Virginia','849'),
('498','RhodeIsland','855'),
('499','NorthCarolina','832'),
('500','Nevada','157'),
('501','RhodeIsland','112'),
('502','SouthDakota','702'),
('503','Maryland','31'),
('504','Idaho','509'),
('505','Louisiana','104'),
('506','NewHampshire','440'),
('507','Texas','29'),
('508','Alaska','299'),
('509','SouthDakota','621'),
('510','Tennessee','134'),
('511','NorthCarolina','367'),
('512','Oklahoma','247'),
('513','Utah','716'),
('514','Alaska','840'),
('515','Wyoming','18'),
('516','NewMexico','506'),
('517','Iowa','968'),
('518','Louisiana','97'),
('519','Illinois','685'),
('520','Nevada','984'),
('521','Vermont','914'),
('522','Connecticut','716'),
('523','Oregon','711'),
('524','California','865'),
('525','Illinois','608'),
('526','NewHampshire','650'),
('527','NewJersey','255'),
('528','Florida','457'),
('529','Utah','505'),
('530','NorthCarolina','87'),
('531','Alaska','613'),
('532','Idaho','617'),
('533','Florida','789'),
('534','Georgia','644'),
('535','Illinois','125'),
('536','Wisconsin','892'),
('537','Vermont','83'),
('538','Utah','153'),
('539','Montana','190'),
('540','Mississippi','703'),
('541','NorthCarolina','287'),
('542','NewHampshire','556'),
('543','RhodeIsland','950'),
('544','NewMexico','3'),
('545','Hawaii','396'),
('546','Delaware','968'),
('547','Florida','508'),
('548','Nevada','364'),
('549','Georgia','64'),
('550','Washington','193'),
('551','Utah','348'),
('552','SouthCarolina','978'),
('553','Montana','908'),
('554','Nebraska','58'),
('555','Iowa','843'),
('556','NorthCarolina','516'),
('557','Georgia','708'),
('558','Arkansas','97'),
('559','NewYork','972'),
('560','Connecticut','213'),
('561','Idaho','184'),
('562','Minnesota','585'),
('563','NorthCarolina','829'),
('564','District of Columbia','972'),
('565','Ohio','228'),
('566','Montana','953'),
('567','Oklahoma','863'),
('568','Vermont','311'),
('569','Nebraska','106'),
('570','Washington','53'),
('571','NewMexico','13'),
('572','Nebraska','393'),
('573','Louisiana','609'),
('574','WestVirginia','963'),
('575','District of Columbia','395'),
('576','Missouri','4'),
('577','Florida','930'),
('578','Montana','903'),
('579','Kentucky','367'),
('580','Florida','993'),
('581','Iowa','95'),
('582','SouthDakota','715'),
('583','Texas','970'),
('584','Utah','3'),
('585','Texas','772'),
('586','Vermont','812'),
('587','Kansas','518'),
('588','Massachusetts','480'),
('589','Delaware','909'),
('590','Minnesota','490'),
('591','Utah','693'),
('592','NewHampshire','92'),
('593','Nebraska','75'),
('594','NewJersey','521'),
('595','NorthDakota','64'),
('596','Kansas','302'),
('597','Alabama','474'),
('598','Nebraska','927'),
('599','Kansas','612'),
('600','Maine','580'),
('601','Pennsylvania','979'),
('602','SouthCarolina','625'),
('603','NewMexico','972'),
('604','Kentucky','587'),
('605','Texas','588'),
('606','Delaware','366'),
('607','Oregon','591'),
('608','Delaware','517'),
('609','Alabama','268'),
('610','Connecticut','958'),
('611','Kentucky','509'),
('612','Arizona','363'),
('613','NorthDakota','672'),
('614','Connecticut','479'),
('615','Washington','365'),
('616','Washington','444'),
('617','Illinois','291'),
('618','Texas','883'),
('619','Maine','924'),
('620','NewHampshire','200'),
('621','Georgia','373'),
('622','Maine','616'),
('623','Utah','292'),
('624','Delaware','447'),
('625','Arkansas','136'),
('626','Washington','355'),
('627','Utah','749'),
('628','Georgia','610'),
('629','Arkansas','281'),
('630','Michigan','361'),
('631','Nebraska','189'),
('632','Missouri','259'),
('633','Washington','986'),
('634','Connecticut','160'),
('635','Kentucky','846'),
('636','Colorado','573'),
('637','Oklahoma','525'),
('638','Mississippi','436'),
('639','Hawaii','89'),
('640','NorthDakota','793'),
('641','Kentucky','394'),
('642','California','598'),
('643','Missouri','155'),
('644','WestVirginia','65'),
('645','Mississippi','77'),
('646','Wisconsin','520'),
('647','Connecticut','509'),
('648','Missouri','367'),
('649','Minnesota','402'),
('650','Alaska','432'),
('651','Washington','567'),
('652','Nebraska','775'),
('653','Alaska','47'),
('654','NewMexico','858'),
('655','Minnesota','221'),
('656','Delaware','183'),
('657','WestVirginia','212'),
('658','SouthCarolina','969'),
('659','NewMexico','792'),
('660','Georgia','492'),
('661','NorthDakota','330'),
('662','District of Columbia','980'),
('663','Kansas','751'),
('664','Delaware','315'),
('665','Montana','140'),
('666','Kentucky','597'),
('667','Massachusetts','887'),
('668','Kansas','665'),
('669','Virginia','33'),
('670','Georgia','975'),
('671','Mississippi','457'),
('672','NewHampshire','426'),
('673','Iowa','573'),
('674','Alabama','612'),
('675','Iowa','491'),
('676','NewJersey','649'),
('677','NorthCarolina','132'),
('678','Utah','999'),
('679','Utah','16'),
('680','NewMexico','534'),
('681','Louisiana','431'),
('682','Georgia','582'),
('683','Wyoming','308'),
('684','District of Columbia','477'),
('685','NewHampshire','439'),
('686','Utah','528'),
('687','Wyoming','660'),
('688','Maryland','650'),
('689','Alaska','497'),
('690','NorthCarolina','451'),
('691','Wisconsin','142'),
('692','Oklahoma','826'),
('693','SouthDakota','431'),
('694','NewMexico','892'),
('695','Connecticut','140'),
('696','Hawaii','570'),
('697','Nebraska','489'),
('698','NewYork','27'),
('699','Michigan','235'),
('700','Iowa','521'),
('701','District of Columbia','2'),
('702','Utah','692'),
('703','Arizona','946'),
('704','Alabama','574'),
('705','Illinois','303'),
('706','Oklahoma','436'),
('707','Idaho','223'),
('708','NewJersey','435'),
('709','Arizona','435'),
('710','Vermont','238'),
('711','NewMexico','968'),
('712','Maine','866'),
('713','NewHampshire','819'),
('714','Montana','275'),
('715','Arizona','342'),
('716','NorthCarolina','257'),
('717','Alaska','803'),
('718','Oklahoma','2'),
('719','NewJersey','907'),
('720','Pennsylvania','300'),
('721','Colorado','452'),
('722','NewHampshire','48'),
('723','Massachusetts','125'),
('724','Vermont','883'),
('725','NewJersey','940'),
('726','Alabama','265'),
('727','District of Columbia','452'),
('728','Pennsylvania','428'),
('729','Wyoming','292'),
('730','Tennessee','686'),
('731','Tennessee','949'),
('732','Arkansas','293'),
('733','RhodeIsland','378'),
('734','Connecticut','894'),
('735','Alabama','867'),
('736','Wyoming','680'),
('737','Pennsylvania','330'),
('738','Nebraska','89'),
('739','NewYork','114'),
('740','Texas','765'),
('741','Michigan','326'),
('742','Utah','82'),
('743','Vermont','630'),
('744','California','144'),
('745','NewJersey','357'),
('746','Nebraska','972'),
('747','Wisconsin','401'),
('748','NewYork','159'),
('749','RhodeIsland','973'),
('750','Maryland','307'),
('751','Texas','458'),
('752','Louisiana','424'),
('753','Kansas','355'),
('754','Alaska','583'),
('755','Nevada','306'),
('756','SouthCarolina','295'),
('757','Montana','848'),
('758','Washington','758'),
('759','Idaho','723'),
('760','Alaska','139'),
('761','Wisconsin','444'),
('762','Alaska','671'),
('763','Iowa','432'),
('764','Kentucky','821'),
('765','Oklahoma','565'),
('766','Nebraska','298'),
('767','Ohio','501'),
('768','Louisiana','894'),
('769','Kansas','386'),
('770','Pennsylvania','615'),
('771','Oklahoma','658'),
('772','Florida','711'),
('773','Georgia','696'),
('774','Washington','287'),
('775','Ohio','855'),
('776','Tennessee','52'),
('777','NewMexico','258'),
('778','RhodeIsland','256'),
('779','Wyoming','211'),
('780','Vermont','231'),
('781','Georgia','562'),
('782','NewJersey','669'),
('783','Illinois','654'),
('784','Alabama','917'),
('785','Delaware','252'),
('786','Hawaii','960'),
('787','Massachusetts','212'),
('788','Mississippi','99'),
('789','Michigan','718'),
('790','Massachusetts','935'),
('791','NewMexico','238'),
('792','Virginia','161'),
('793','Maryland','606'),
('794','Alabama','670'),
('795','Washington','982'),
('796','Alaska','170'),
('797','Arizona','967'),
('798','Nevada','482'),
('799','Ohio','64'),
('800','Maine','353'),
('801','Missouri','97'),
('802','District of Columbia','722'),
('803','Idaho','64'),
('804','Utah','792'),
('805','Arizona','9'),
('806','Nebraska','919'),
('807','Maine','844'),
('808','Indiana','267'),
('809','Arizona','174'),
('810','Massachusetts','55'),
('811','Alabama','497'),
('812','Alabama','736'),
('813','Oklahoma','723'),
('814','Washington','150'),
('815','Washington','652'),
('816','Mississippi','974'),
('817','Montana','110'),
('818','Vermont','864'),
('819','Nevada','73'),
('820','Montana','827'),
('821','Missouri','799'),
('822','Delaware','311'),
('823','Colorado','988'),
('824','SouthDakota','404'),
('825','Montana','981'),
('826','Connecticut','969'),
('827','Virginia','573'),
('828','Oregon','948'),
('829','Iowa','451'),
('830','SouthDakota','637'),
('831','NewYork','300'),
('832','Indiana','547'),
('833','Ohio','358'),
('834','Washington','364'),
('835','NewMexico','339'),
('836','Maryland','366'),
('837','Nebraska','282'),
('838','Montana','183'),
('839','Connecticut','632'),
('840','Hawaii','455'),
('841','SouthDakota','237'),
('842','Idaho','128'),
('843','NewJersey','190'),
('844','District of Columbia','960'),
('845','Ohio','278'),
('846','Hawaii','842'),
('847','NewJersey','934'),
('848','Mississippi','388'),
('849','Michigan','706'),
('850','NewMexico','7'),
('851','Missouri','214'),
('852','Mississippi','504'),
('853','Delaware','318'),
('854','Oklahoma','202'),
('855','Tennessee','907'),
('856','Iowa','298'),
('857','Oregon','171'),
('858','Delaware','480'),
('859','Texas','245'),
('860','Louisiana','621'),
('861','Maine','116'),
('862','Vermont','545'),
('863','Vermont','168'),
('864','Idaho','474'),
('865','NewJersey','908'),
('866','Missouri','507'),
('867','Tennessee','839'),
('868','Michigan','189'),
('869','Virginia','690'),
('870','SouthDakota','471'),
('871','Oklahoma','643'),
('872','NorthCarolina','927'),
('873','Georgia','599'),
('874','Hawaii','833'),
('875','Texas','886'),
('876','Arkansas','877'),
('877','Hawaii','674'),
('878','Tennessee','820'),
('879','Nevada','264'),
('880','Arkansas','379'),
('881','Arizona','826'),
('882','Alaska','478'),
('883','WestVirginia','883'),
('884','NewJersey','144'),
('885','Oregon','679'),
('886','WestVirginia','789'),
('887','Alabama','441'),
('888','Massachusetts','850'),
('889','RhodeIsland','269'),
('890','Delaware','686'),
('891','Hawaii','470'),
('892','Kansas','385'),
('893','Wisconsin','230'),
('894','Nebraska','638'),
('895','RhodeIsland','858'),
('896','Idaho','137'),
('897','Louisiana','145'),
('898','Connecticut','697'),
('899','Utah','326'),
('900','Connecticut','834'),
('901','Oklahoma','168'),
('902','Nebraska','969'),
('903','Pennsylvania','760'),
('904','Iowa','766'),
('905','Florida','801'),
('906','Illinois','646'),
('907','Wyoming','643'),
('908','Louisiana','475'),
('909','Montana','466'),
('910','Wisconsin','907'),
('911','Washington','853'),
('912','RhodeIsland','291'),
('913','Kentucky','384'),
('914','Ohio','735'),
('915','NewMexico','435'),
('916','California','63'),
('917','Maryland','524'),
('918','NewJersey','875'),
('919','NorthDakota','912'),
('920','Nevada','793'),
('921','Minnesota','560'),
('922','SouthDakota','382'),
('923','Kentucky','177'),
('924','Florida','790'),
('925','Alabama','20'),
('926','Wisconsin','35'),
('927','Tennessee','926'),
('928','Connecticut','164'),
('929','NewHampshire','731'),
('930','Tennessee','252'),
('931','Vermont','998'),
('932','RhodeIsland','899'),
('933','NorthDakota','220'),
('934','Utah','758'),
('935','Delaware','665'),
('936','Tennessee','20'),
('937','Washington','403'),
('938','SouthCarolina','307'),
('939','Wyoming','494'),
('940','Texas','868'),
('941','RhodeIsland','213'),
('942','Idaho','347'),
('943','NewYork','159'),
('944','Wyoming','597'),
('945','Florida','82'),
('946','Kentucky','593'),
('947','NorthDakota','660'),
('948','Georgia','606'),
('949','Louisiana','468'),
('950','Vermont','571'),
('951','Washington','398'),
('952','Montana','28'),
('953','Wisconsin','953'),
('954','Wyoming','574'),
('955','Alabama','817'),
('956','Pennsylvania','973'),
('957','Connecticut','608'),
('958','Connecticut','743'),
('959','Michigan','136'),
('960','California','339'),
('961','Iowa','994'),
('962','Texas','134'),
('963','Idaho','237'),
('964','Nebraska','213'),
('965','Connecticut','891'),
('966','NorthCarolina','902'),
('967','SouthCarolina','233'),
('968','Oklahoma','294'),
('969','Illinois','208'),
('970','Georgia','726'),
('971','Colorado','162'),
('972','SouthCarolina','421'),
('973','NewHampshire','73'),
('974','Nevada','321'),
('975','Nevada','17'),
('976','Illinois','154'),
('977','NewYork','914'),
('978','Colorado','676'),
('979','Alaska','759'),
('980','Wyoming','381'),
('981','Oregon','247'),
('982','Oregon','156'),
('983','Arkansas','409'),
('984','Louisiana','200'),
('985','Wyoming','730'),
('986','Idaho','225'),
('987','NorthDakota','172'),
('988','Ohio','338'),
('989','SouthCarolina','968'),
('990','NewYork','308'),
('991','Virginia','677'),
('992','NorthDakota','962'),
('993','Virginia','442'),
('994','Washington','913'),
('995','Maryland','174'),
('996','Mississippi','332'),
('997','Georgia','815'),
('998','Arizona','407'),
('999','Hawaii','626'),
('1000','NewYork','22'); 


DROP TABLE IF EXISTS `product`;
CREATE TABLE `product` (
  `id` int(11) NOT NULL AUTO_INCREMENT,
  `name` varchar(50) DEFAULT NULL,
  `category_id` int(11) DEFAULT NULL,
  PRIMARY KEY (`id`),
  KEY `category_id` (`category_id`),
  FULLTEXT (`name`),
  CONSTRAINT `product_ibfk_1` FOREIGN KEY (`category_id`) REFERENCES `category` (`id`)
) ENGINE=InnoDB AUTO_INCREMENT=1001 DEFAULT CHARSET=utf8mb4;

INSERT INTO `product` VALUES ('1','Tonga','1'),
('2','Morocco','2'),
('3','Bouvet Island (Bouvetoya)','3'),
('4','Fiji','4'),
('5','Slovenia','5'),
('6','Sao Tome and Principe','6'),
('7','India','7'),
('8','Uzbekistan','8'),
('9','Jersey','9'),
('10','France','10'),
('11','Central African Republic','11'),
('12','Czech Republic','12'),
('13','Liberia','13'),
('14','Tunisia','14'),
('15','Cameroon','15'),
('16','New Zealand','16'),
('17','French Polynesia','17'),
('18','Singapore','18'),
('19','Saint Martin','19'),
('20','Azerbaijan','20'),
('21','Bouvet Island (Bouvetoya)','21'),
('22','Chad','22'),
('23','Vanuatu','23'),
('24','United States of America','24'),
('25','India','25'),
('26','Guam','26'),
('27','Solomon Islands','27'),
('28','Jordan','28'),
('29','Pakistan','29'),
('30','Luxembourg','30'),
('31','Bhutan','31'),
('32','Belgium','32'),
('33','Maldives','33'),
('34','Georgia','34'),
('35','Indonesia','35'),
('36','Hong Kong','36'),
('37','Montenegro','37'),
('38','Puerto Rico','38'),
('39','Azerbaijan','39'),
('40','Ukraine','40'),
('41','Gabon','41'),
('42','Cocos (Keeling) Islands','42'),
('43','Mauritius','43'),
('44','Nigeria','44'),
('45','Liberia','45'),
('46','Bahrain','46'),
('47','Indonesia','47'),
('48','Barbados','48'),
('49','Syrian Arab Republic','49'),
('50','Latvia','50'),
('51','Anguilla','51'),
('52','Hungary','52'),
('53','Finland','53'),
('54','Albania','54'),
('55','Iraq','55'),
('56','Saint Lucia','56'),
('57','United Arab Emirates','57'),
('58','New Zealand','58'),
('59','South Africa','59'),
('60','Wallis and Futuna','60'),
('61','Honduras','61'),
('62','Mauritius','62'),
('63','Mexico','63'),
('64','Netherlands','64'),
('65','Thailand','65'),
('66','Turks and Caicos Islands','66'),
('67','Niger','67'),
('68','Solomon Islands','68'),
('69','Uganda','69'),
('70','Trinidad and Tobago','70'),
('71','Niue','71'),
('72','Dominican Republic','72'),
('73','Spain','73'),
('74','Malta','74'),
('75','Zambia','75'),
('76','Ghana','76'),
('77','Papua New Guinea','77'),
('78','Sudan','78'),
('79','Panama','79'),
('80','Algeria','80'),
('81','Indonesia','81'),
('82','Guam','82'),
('83','Bermuda','83'),
('84','Korea','84'),
('85','Croatia','85'),
('86','New Zealand','86'),
('87','Mauritius','87'),
('88','Zimbabwe','88'),
('89','Japan','89'),
('90','Guyana','90'),
('91','Argentina','91'),
('92','Belgium','92'),
('93','Djibouti','93'),
('94','Burkina Faso','94'),
('95','Falkland Islands (Malvinas)','95'),
('96','Turkmenistan','96'),
('97','Belarus','97'),
('98','Malta','98'),
('99','Micronesia','99'),
('100','French Guiana','100'),
('101','Samoa','101'),
('102','Bulgaria','102'),
('103','Botswana','103'),
('104','Tuvalu','104'),
('105','Eritrea','105'),
('106','Cocos (Keeling) Islands','106'),
('107','Tokelau','107'),
('108','Guernsey','108'),
('109','Tunisia','109'),
('110','Dominica','110'),
('111','Georgia','111'),
('112','Burkina Faso','112'),
('113','Nigeria','113'),
('114','Switzerland','114'),
('115','Macao','115'),
('116','Isle of Man','116'),
('117','Marshall Islands','117'),
('118','Malta','118'),
('119','Latvia','119'),
('120','China','120'),
('121','Solomon Islands','121'),
('122','Yemen','122'),
('123','Western Sahara','123'),
('124','Afghanistan','124'),
('125','Ethiopia','125'),
('126','Guatemala','126'),
('127','Cuba','127'),
('128','Zambia','128'),
('129','Madagascar','129'),
('130','Northern Mariana Islands','130'),
('131','France','131'),
('132','Grenada','132'),
('133','Sweden','133'),
('134','Morocco','134'),
('135','Lao People\'s Democratic Republic','135'),
('136','Saint Martin','136'),
('137','Western Sahara','137'),
('138','Belgium','138'),
('139','Kazakhstan','139'),
('140','Kazakhstan','140'),
('141','Myanmar','141'),
('142','Afghanistan','142'),
('143','Nigeria','143'),
('144','Belarus','144'),
('145','Belize','145'),
('146','Gibraltar','146'),
('147','India','147'),
('148','Vietnam','148'),
('149','Gabon','149'),
('150','Maldives','150'),
('151','El Salvador','151'),
('152','Libyan Arab Jamahiriya','152'),
('153','Saint Martin','153'),
('154','Philippines','154'),
('155','Armenia','155'),
('156','Switzerland','156'),
('157','Equatorial Guinea','157'),
('158','Madagascar','158'),
('159','Iran','159'),
('160','Jordan','160'),
('161','Eritrea','161'),
('162','Guam','162'),
('163','South Georgia and the South Sandwich Islands','163'),
('164','Bangladesh','164'),
('165','Malaysia','165'),
('166','Saint Lucia','166'),
('167','Iraq','167'),
('168','Zimbabwe','168'),
('169','Albania','169'),
('170','Lebanon','170'),
('171','Suriname','171'),
('172','Mauritania','172'),
('173','Malaysia','173'),
('174','Guam','174'),
('175','Slovakia (Slovak Republic)','175'),
('176','Cook Islands','176'),
('177','Holy See (Vatican City State)','177'),
('178','Iceland','178'),
('179','Zambia','179'),
('180','Libyan Arab Jamahiriya','180'),
('181','Japan','181'),
('182','Honduras','182'),
('183','Singapore','183'),
('184','Switzerland','184'),
('185','Hong Kong','185'),
('186','Netherlands Antilles','186'),
('187','Oman','187'),
('188','Tajikistan','188'),
('189','United States Virgin Islands','189'),
('190','Gibraltar','190'),
('191','Rwanda','191'),
('192','Austria','192'),
('193','Turkmenistan','193'),
('194','Italy','194'),
('195','Belgium','195'),
('196','Netherlands','196'),
('197','Cameroon','197'),
('198','Greenland','198'),
('199','Tajikistan','199'),
('200','Australia','200'),
('201','Croatia','201'),
('202','Tuvalu','202'),
('203','Macao','203'),
('204','Denmark','204'),
('205','Turkey','205'),
('206','American Samoa','206'),
('207','Svalbard & Jan Mayen Islands','207'),
('208','Montserrat','208'),
('209','Netherlands Antilles','209'),
('210','Tuvalu','210'),
('211','Chile','211'),
('212','Turks and Caicos Islands','212'),
('213','Brunei Darussalam','213'),
('214','Samoa','214'),
('215','South Georgia and the South Sandwich Islands','215'),
('216','Slovenia','216'),
('217','Lebanon','217'),
('218','Saint Barthelemy','218'),
('219','Bangladesh','219'),
('220','Tajikistan','220'),
('221','Honduras','221'),
('222','Antigua and Barbuda','222'),
('223','Venezuela','223'),
('224','South Georgia and the South Sandwich Islands','224'),
('225','Bhutan','225'),
('226','American Samoa','226'),
('227','Hong Kong','227'),
('228','Wallis and Futuna','228'),
('229','Taiwan','229'),
('230','Congo','230'),
('231','Senegal','231'),
('232','Bosnia and Herzegovina','232'),
('233','Chile','233'),
('234','Antarctica (the territory South of 60 deg S)','234'),
('235','Belarus','235'),
('236','Cocos (Keeling) Islands','236'),
('237','Svalbard & Jan Mayen Islands','237'),
('238','Nicaragua','238'),
('239','Montenegro','239'),
('240','Libyan Arab Jamahiriya','240'),
('241','Zimbabwe','241'),
('242','Colombia','242'),
('243','French Polynesia','243'),
('244','Eritrea','244'),
('245','Austria','245'),
('246','Bhutan','246'),
('247','Moldova','247'),
('248','Estonia','248'),
('249','Germany','249'),
('250','Panama','250'),
('251','Lithuania','251'),
('252','Congo','252'),
('253','Papua New Guinea','253'),
('254','Moldova','254'),
('255','Isle of Man','255'),
('256','Uganda','256'),
('257','Peru','257'),
('258','Netherlands','258'),
('259','Christmas Island','259'),
('260','Seychelles','260'),
('261','Costa Rica','261'),
('262','Paraguay','262'),
('263','Seychelles','263'),
('264','Sierra Leone','264'),
('265','Nauru','265'),
('266','Nicaragua','266'),
('267','Micronesia','267'),
('268','Sri Lanka','268'),
('269','Korea','269'),
('270','United States Virgin Islands','270'),
('271','Liechtenstein','271'),
('272','United States Virgin Islands','272'),
('273','Bermuda','273'),
('274','Macedonia','274'),
('275','Uruguay','275'),
('276','Isle of Man','276'),
('277','Barbados','277'),
('278','Tuvalu','278'),
('279','Madagascar','279'),
('280','Norfolk Island','280'),
('281','Cape Verde','281'),
('282','South Georgia and the South Sandwich Islands','282'),
('283','Norfolk Island','283'),
('284','Vanuatu','284'),
('285','Pitcairn Islands','285'),
('286','Kuwait','286'),
('287','Myanmar','287'),
('288','Macao','288'),
('289','Barbados','289'),
('290','Rwanda','290'),
('291','Canada','291'),
('292','Uruguay','292'),
('293','Belize','293'),
('294','Estonia','294'),
('295','Czech Republic','295'),
('296','Mexico','296'),
('297','Costa Rica','297'),
('298','Chile','298'),
('299','Mauritius','299'),
('300','Suriname','300'),
('301','Gibraltar','301'),
('302','Faroe Islands','302'),
('303','Italy','303'),
('304','Northern Mariana Islands','304'),
('305','Seychelles','305'),
('306','Aruba','306'),
('307','Honduras','307'),
('308','Argentina','308'),
('309','Pitcairn Islands','309'),
('310','Mauritania','310'),
('311','Panama','311'),
('312','Madagascar','312'),
('313','Tunisia','313'),
('314','Mayotte','314'),
('315','Nigeria','315'),
('316','Qatar','316'),
('317','Finland','317'),
('318','Costa Rica','318'),
('319','Antarctica (the territory South of 60 deg S)','319'),
('320','Netherlands','320'),
('321','Saint Barthelemy','321'),
('322','Falkland Islands (Malvinas)','322'),
('323','Aruba','323'),
('324','Saint Helena','324'),
('325','French Guiana','325'),
('326','Paraguay','326'),
('327','Tonga','327'),
('328','Malaysia','328'),
('329','Madagascar','329'),
('330','Albania','330'),
('331','Cyprus','331'),
('332','Saint Barthelemy','332'),
('333','French Polynesia','333'),
('334','Greenland','334'),
('335','Congo','335'),
('336','Sierra Leone','336'),
('337','Kazakhstan','337'),
('338','Lao People\'s Democratic Republic','338'),
('339','Moldova','339'),
('340','Greece','340'),
('341','Namibia','341'),
('342','Argentina','342'),
('343','Saint Vincent and the Grenadines','343'),
('344','Egypt','344'),
('345','Madagascar','345'),
('346','Switzerland','346'),
('347','Western Sahara','347'),
('348','Kyrgyz Republic','348'),
('349','Dominican Republic','349'),
('350','Uruguay','350'),
('351','Georgia','351'),
('352','Sweden','352'),
('353','Kuwait','353'),
('354','India','354'),
('355','Somalia','355'),
('356','Saudi Arabia','356'),
('357','Cayman Islands','357'),
('358','Heard Island and McDonald Islands','358'),
('359','Turkmenistan','359'),
('360','Portugal','360'),
('361','Macao','361'),
('362','Czech Republic','362'),
('363','Eritrea','363'),
('364','Saint Kitts and Nevis','364'),
('365','Mauritius','365'),
('366','Greenland','366'),
('367','Wallis and Futuna','367'),
('368','Puerto Rico','368'),
('369','Svalbard & Jan Mayen Islands','369'),
('370','Cape Verde','370'),
('371','Guinea','371'),
('372','United States Virgin Islands','372'),
('373','Belarus','373'),
('374','Antigua and Barbuda','374'),
('375','Madagascar','375'),
('376','Northern Mariana Islands','376'),
('377','Christmas Island','377'),
('378','Niue','378'),
('379','Kyrgyz Republic','379'),
('380','Liechtenstein','380'),
('381','French Southern Territories','381'),
('382','Albania','382'),
('383','Antigua and Barbuda','383'),
('384','Saint Lucia','384'),
('385','Liberia','385'),
('386','Central African Republic','386'),
('387','Zimbabwe','387'),
('388','Vanuatu','388'),
('389','Nepal','389'),
('390','Slovenia','390'),
('391','Iceland','391'),
('392','Tanzania','392'),
('393','Iraq','393'),
('394','Swaziland','394'),
('395','Samoa','395'),
('396','Saint Barthelemy','396'),
('397','Martinique','397'),
('398','Cameroon','398'),
('399','Croatia','399'),
('400','Andorra','400'),
('401','Romania','401'),
('402','Rwanda','402'),
('403','Mozambique','403'),
('404','Solomon Islands','404'),
('405','Namibia','405'),
('406','Tonga','406'),
('407','Lao People\'s Democratic Republic','407'),
('408','Albania','408'),
('409','Estonia','409'),
('410','Albania','410'),
('411','Algeria','411'),
('412','Niue','412'),
('413','Ukraine','413'),
('414','Dominica','414'),
('415','Monaco','415'),
('416','Dominican Republic','416'),
('417','Morocco','417'),
('418','Angola','418'),
('419','Finland','419'),
('420','Iraq','420'),
('421','Egypt','421'),
('422','Nicaragua','422'),
('423','Thailand','423'),
('424','Australia','424'),
('425','South Georgia and the South Sandwich Islands','425'),
('426','Cayman Islands','426'),
('427','Brunei Darussalam','427'),
('428','United States Virgin Islands','428'),
('429','Canada','429'),
('430','Falkland Islands (Malvinas)','430'),
('431','Mozambique','431'),
('432','Solomon Islands','432'),
('433','Panama','433'),
('434','Senegal','434'),
('435','Portugal','435'),
('436','Botswana','436'),
('437','Martinique','437'),
('438','Holy See (Vatican City State)','438'),
('439','Cyprus','439'),
('440','Nicaragua','440'),
('441','New Caledonia','441'),
('442','Heard Island and McDonald Islands','442'),
('443','British Indian Ocean Territory (Chagos Archipelago','443'),
('444','Chile','444'),
('445','Bhutan','445'),
('446','Croatia','446'),
('447','Marshall Islands','447'),
('448','Uganda','448'),
('449','Oman','449'),
('450','Zambia','450'),
('451','Bhutan','451'),
('452','Gibraltar','452'),
('453','Botswana','453'),
('454','Samoa','454'),
('455','Norfolk Island','455'),
('456','Mali','456'),
('457','Seychelles','457'),
('458','Canada','458'),
('459','Namibia','459'),
('460','Monaco','460'),
('461','Gambia','461'),
('462','Niue','462'),
('463','Aruba','463'),
('464','Romania','464'),
('465','Palau','465'),
('466','Saint Helena','466'),
('467','Tuvalu','467'),
('468','Mozambique','468'),
('469','Marshall Islands','469'),
('470','Western Sahara','470'),
('471','China','471'),
('472','Costa Rica','472'),
('473','Australia','473'),
('474','Hungary','474'),
('475','Vanuatu','475'),
('476','Timor-Leste','476'),
('477','Kazakhstan','477'),
('478','Georgia','478'),
('479','Martinique','479'),
('480','Guyana','480'),
('481','Ethiopia','481'),
('482','Portugal','482'),
('483','Mozambique','483'),
('484','Singapore','484'),
('485','Peru','485'),
('486','American Samoa','486'),
('487','Uzbekistan','487'),
('488','Mali','488'),
('489','South Africa','489'),
('490','Reunion','490'),
('491','Puerto Rico','491'),
('492','South Georgia and the South Sandwich Islands','492'),
('493','Nauru','493'),
('494','Ecuador','494'),
('495','Finland','495'),
('496','Japan','496'),
('497','Libyan Arab Jamahiriya','497'),
('498','Hungary','498'),
('499','Mali','499'),
('500','Azerbaijan','500'),
('501','Mayotte','501'),
('502','Bahamas','502'),
('503','Greenland','503'),
('504','Anguilla','504'),
('505','Denmark','505'),
('506','Namibia','506'),
('507','Central African Republic','507'),
('508','Netherlands Antilles','508'),
('509','Grenada','509'),
('510','Belarus','510'),
('511','Tokelau','511'),
('512','Mexico','512'),
('513','Liberia','513'),
('514','Anguilla','514'),
('515','Brazil','515'),
('516','Micronesia','516'),
('517','Anguilla','517'),
('518','Eritrea','518'),
('519','Timor-Leste','519'),
('520','Guinea-Bissau','520'),
('521','Palau','521'),
('522','South Africa','522'),
('523','Isle of Man','523'),
('524','Bahrain','524'),
('525','Malaysia','525'),
('526','Nicaragua','526'),
('527','Lesotho','527'),
('528','Haiti','528'),
('529','Greenland','529'),
('530','Kiribati','530'),
('531','Afghanistan','531'),
('532','Nicaragua','532'),
('533','Dominica','533'),
('534','Montserrat','534'),
('535','French Southern Territories','535'),
('536','Hong Kong','536'),
('537','Chad','537'),
('538','Barbados','538'),
('539','United States Minor Outlying Islands','539'),
('540','South Georgia and the South Sandwich Islands','540'),
('541','Qatar','541'),
('542','Turkmenistan','542'),
('543','Croatia','543'),
('544','Cocos (Keeling) Islands','544'),
('545','Uruguay','545'),
('546','Lebanon','546'),
('547','Luxembourg','547'),
('548','Paraguay','548'),
('549','Mauritania','549'),
('550','Cambodia','550'),
('551','Holy See (Vatican City State)','551'),
('552','Estonia','552'),
('553','Andorra','553'),
('554','Italy','554'),
('555','Holy See (Vatican City State)','555'),
('556','Bouvet Island (Bouvetoya)','556'),
('557','Palestinian Territory','557'),
('558','Mayotte','558'),
('559','Thailand','559'),
('560','Equatorial Guinea','560'),
('561','Haiti','561'),
('562','Finland','562'),
('563','Barbados','563'),
('564','Slovakia (Slovak Republic)','564'),
('565','Comoros','565'),
('566','Jersey','566'),
('567','Myanmar','567'),
('568','South Africa','568'),
('569','Afghanistan','569'),
('570','Qatar','570'),
('571','Paraguay','571'),
('572','Mongolia','572'),
('573','Western Sahara','573'),
('574','Eritrea','574'),
('575','Saint Helena','575'),
('576','Bangladesh','576'),
('577','Equatorial Guinea','577'),
('578','Gibraltar','578'),
('579','France','579'),
('580','Comoros','580'),
('581','Bosnia and Herzegovina','581'),
('582','Micronesia','582'),
('583','Korea','583'),
('584','Spain','584'),
('585','Martinique','585'),
('586','Suriname','586'),
('587','Svalbard & Jan Mayen Islands','587'),
('588','Micronesia','588'),
('589','Djibouti','589'),
('590','Iceland','590'),
('591','Djibouti','591'),
('592','French Polynesia','592'),
('593','Brunei Darussalam','593'),
('594','Gibraltar','594'),
('595','Spain','595'),
('596','New Caledonia','596'),
('597','Egypt','597'),
('598','Guyana','598'),
('599','Uganda','599'),
('600','Guatemala','600'),
('601','Philippines','601'),
('602','Afghanistan','602'),
('603','Costa Rica','603'),
('604','Saint Kitts and Nevis','604'),
('605','Saint Vincent and the Grenadines','605'),
('606','Sweden','606'),
('607','Bosnia and Herzegovina','607'),
('608','Dominica','608'),
('609','Macedonia','609'),
('610','Georgia','610'),
('611','Cameroon','611'),
('612','Russian Federation','612'),
('613','Cuba','613'),
('614','China','614'),
('615','Isle of Man','615'),
('616','Korea','616'),
('617','Yemen','617'),
('618','Mauritius','618'),
('619','Taiwan','619'),
('620','Guyana','620'),
('621','Bahrain','621'),
('622','Guinea','622'),
('623','Mongolia','623'),
('624','Swaziland','624'),
('625','Guinea-Bissau','625'),
('626','Heard Island and McDonald Islands','626'),
('627','China','627'),
('628','Tokelau','628'),
('629','Marshall Islands','629'),
('630','Jamaica','630'),
('631','Wallis and Futuna','631'),
('632','Djibouti','632'),
('633','Russian Federation','633'),
('634','Pakistan','634'),
('635','Croatia','635'),
('636','South Africa','636'),
('637','Oman','637'),
('638','Dominican Republic','638'),
('639','Kazakhstan','639'),
('640','Peru','640'),
('641','Croatia','641'),
('642','Saint Barthelemy','642'),
('643','Armenia','643'),
('644','Guinea-Bissau','644'),
('645','Eritrea','645'),
('646','Poland','646'),
('647','Turkmenistan','647'),
('648','Spain','648'),
('649','Lithuania','649'),
('650','Togo','650'),
('651','Cuba','651'),
('652','Ukraine','652'),
('653','Slovenia','653'),
('654','American Samoa','654'),
('655','Gibraltar','655'),
('656','Namibia','656'),
('657','Switzerland','657'),
('658','French Southern Territories','658'),
('659','Western Sahara','659'),
('660','Switzerland','660'),
('661','Qatar','661'),
('662','Taiwan','662'),
('663','Cook Islands','663'),
('664','Palestinian Territory','664'),
('665','Heard Island and McDonald Islands','665'),
('666','Macao','666'),
('667','Hungary','667'),
('668','Palestinian Territory','668'),
('669','Mali','669'),
('670','Martinique','670'),
('671','Turkey','671'),
('672','Niue','672'),
('673','San Marino','673'),
('674','Hong Kong','674'),
('675','Ukraine','675'),
('676','Marshall Islands','676'),
('677','Cocos (Keeling) Islands','677'),
('678','Trinidad and Tobago','678'),
('679','Georgia','679'),
('680','Greece','680'),
('681','Brazil','681'),
('682','Brazil','682'),
('683','Dominica','683'),
('684','Saint Martin','684'),
('685','Canada','685'),
('686','Guadeloupe','686'),
('687','Germany','687'),
('688','Armenia','688'),
('689','Northern Mariana Islands','689'),
('690','Marshall Islands','690'),
('691','Kazakhstan','691'),
('692','French Polynesia','692'),
('693','Barbados','693'),
('694','Egypt','694'),
('695','Ireland','695'),
('696','Tanzania','696'),
('697','Reunion','697'),
('698','Bouvet Island (Bouvetoya)','698'),
('699','Iceland','699'),
('700','Cambodia','700'),
('701','Libyan Arab Jamahiriya','701'),
('702','Finland','702'),
('703','Nicaragua','703'),
('704','Iran','704'),
('705','Greece','705'),
('706','Latvia','706'),
('707','Vanuatu','707'),
('708','Cote d\'Ivoire','708'),
('709','Poland','709'),
('710','Dominican Republic','710'),
('711','Netherlands Antilles','711'),
('712','Australia','712'),
('713','French Guiana','713'),
('714','Tuvalu','714'),
('715','Ghana','715'),
('716','Guinea','716'),
('717','Palestinian Territory','717'),
('718','Christmas Island','718'),
('719','Sao Tome and Principe','719'),
('720','Guernsey','720'),
('721','Korea','721'),
('722','United States Virgin Islands','722'),
('723','Cambodia','723'),
('724','Cocos (Keeling) Islands','724'),
('725','Eritrea','725'),
('726','Namibia','726'),
('727','United Kingdom','727'),
('728','India','728'),
('729','Spain','729'),
('730','Malaysia','730'),
('731','Montenegro','731'),
('732','Comoros','732'),
('733','Gabon','733'),
('734','Switzerland','734'),
('735','Bulgaria','735'),
('736','Bolivia','736'),
('737','New Caledonia','737'),
('738','Niger','738'),
('739','Cambodia','739'),
('740','Wallis and Futuna','740'),
('741','Cape Verde','741'),
('742','France','742'),
('743','Lebanon','743'),
('744','Bolivia','744'),
('745','Bouvet Island (Bouvetoya)','745'),
('746','Liberia','746'),
('747','Faroe Islands','747'),
('748','Micronesia','748'),
('749','Indonesia','749'),
('750','Lao People\'s Democratic Republic','750'),
('751','Vanuatu','751'),
('752','Israel','752'),
('753','Cape Verde','753'),
('754','Panama','754'),
('755','Hungary','755'),
('756','Greece','756'),
('757','Australia','757'),
('758','Bolivia','758'),
('759','Sri Lanka','759'),
('760','Taiwan','760'),
('761','Madagascar','761'),
('762','Czech Republic','762'),
('763','Italy','763'),
('764','Tajikistan','764'),
('765','Armenia','765'),
('766','Bahamas','766'),
('767','Gibraltar','767'),
('768','Mali','768'),
('769','France','769'),
('770','Afghanistan','770'),
('771','Brunei Darussalam','771'),
('772','Jordan','772'),
('773','Honduras','773'),
('774','Italy','774'),
('775','Slovakia (Slovak Republic)','775'),
('776','Isle of Man','776'),
('777','Albania','777'),
('778','Dominica','778'),
('779','Pitcairn Islands','779'),
('780','Gibraltar','780'),
('781','Brunei Darussalam','781'),
('782','Ghana','782'),
('783','Venezuela','783'),
('784','United Arab Emirates','784'),
('785','Mali','785'),
('786','Guernsey','786'),
('787','Paraguay','787'),
('788','Saint Lucia','788'),
('789','Korea','789'),
('790','Falkland Islands (Malvinas)','790'),
('791','Falkland Islands (Malvinas)','791'),
('792','Niger','792'),
('793','Northern Mariana Islands','793'),
('794','Turks and Caicos Islands','794'),
('795','Norway','795'),
('796','Mayotte','796'),
('797','Mauritania','797'),
('798','Nepal','798'),
('799','Japan','799'),
('800','Kuwait','800'),
('801','Sweden','801'),
('802','Bahamas','802'),
('803','Liechtenstein','803'),
('804','Cyprus','804'),
('805','Mayotte','805'),
('806','Mongolia','806'),
('807','Canada','807'),
('808','Maldives','808'),
('809','United Arab Emirates','809'),
('810','Saint Vincent and the Grenadines','810'),
('811','Eritrea','811'),
('812','Togo','812'),
('813','Central African Republic','813'),
('814','Lithuania','814'),
('815','Namibia','815'),
('816','France','816'),
('817','Algeria','817'),
('818','Cocos (Keeling) Islands','818'),
('819','Czech Republic','819'),
('820','Timor-Leste','820'),
('821','Belgium','821'),
('822','Northern Mariana Islands','822'),
('823','Seychelles','823'),
('824','Turks and Caicos Islands','824'),
('825','Tokelau','825'),
('826','Namibia','826'),
('827','Liechtenstein','827'),
('828','Benin','828'),
('829','British Indian Ocean Territory (Chagos Archipelago','829'),
('830','Suriname','830'),
('831','Luxembourg','831'),
('832','Italy','832'),
('833','Australia','833'),
('834','Niue','834'),
('835','Moldova','835'),
('836','Slovakia (Slovak Republic)','836'),
('837','South Africa','837'),
('838','Colombia','838'),
('839','Serbia','839'),
('840','Denmark','840'),
('841','South Georgia and the South Sandwich Islands','841'),
('842','Bouvet Island (Bouvetoya)','842'),
('843','Estonia','843'),
('844','Mongolia','844'),
('845','Luxembourg','845'),
('846','Panama','846'),
('847','Kenya','847'),
('848','Fiji','848'),
('849','Timor-Leste','849'),
('850','Guam','850'),
('851','Myanmar','851'),
('852','Tajikistan','852'),
('853','Tanzania','853'),
('854','Mexico','854'),
('855','New Caledonia','855'),
('856','Guyana','856'),
('857','Poland','857'),
('858','New Caledonia','858'),
('859','Micronesia','859'),
('860','Bahrain','860'),
('861','Rwanda','861'),
('862','Lao People\'s Democratic Republic','862'),
('863','Denmark','863'),
('864','Germany','864'),
('865','Palestinian Territory','865'),
('866','Argentina','866'),
('867','Benin','867'),
('868','South Georgia and the South Sandwich Islands','868'),
('869','Jersey','869'),
('870','Mayotte','870'),
('871','Burundi','871'),
('872','Namibia','872'),
('873','Cuba','873'),
('874','Philippines','874'),
('875','Burundi','875'),
('876','Philippines','876'),
('877','Bosnia and Herzegovina','877'),
('878','Pitcairn Islands','878'),
('879','Honduras','879'),
('880','Cuba','880'),
('881','Liechtenstein','881'),
('882','Aruba','882'),
('883','Trinidad and Tobago','883'),
('884','Kuwait','884'),
('885','Wallis and Futuna','885'),
('886','Armenia','886'),
('887','Kenya','887'),
('888','Germany','888'),
('889','South Africa','889'),
('890','Palau','890'),
('891','Egypt','891'),
('892','Sri Lanka','892'),
('893','Monaco','893'),
('894','Svalbard & Jan Mayen Islands','894'),
('895','Ghana','895'),
('896','Guatemala','896'),
('897','Russian Federation','897'),
('898','China','898'),
('899','Montserrat','899'),
('900','Congo','900'),
('901','Tokelau','901'),
('902','Norway','902'),
('903','Greenland','903'),
('904','Mauritius','904'),
('905','Zimbabwe','905'),
('906','Peru','906'),
('907','Heard Island and McDonald Islands','907'),
('908','Cape Verde','908'),
('909','Haiti','909'),
('910','Lesotho','910'),
('911','Marshall Islands','911'),
('912','Kazakhstan','912'),
('913','Poland','913'),
('914','Palestinian Territory','914'),
('915','Lebanon','915'),
('916','Lithuania','916'),
('917','British Indian Ocean Territory (Chagos Archipelago','917'),
('918','Italy','918'),
('919','Albania','919'),
('920','Comoros','920'),
('921','Vietnam','921'),
('922','United States Minor Outlying Islands','922'),
('923','British Indian Ocean Territory (Chagos Archipelago','923'),
('924','Heard Island and McDonald Islands','924'),
('925','Saint Pierre and Miquelon','925'),
('926','Egypt','926'),
('927','Heard Island and McDonald Islands','927'),
('928','Palau','928'),
('929','Ireland','929'),
('930','Egypt','930'),
('931','Iran','931'),
('932','French Guiana','932'),
('933','Chad','933'),
('934','Botswana','934'),
('935','Namibia','935'),
('936','Sweden','936'),
('937','Zimbabwe','937'),
('938','New Caledonia','938'),
('939','Uruguay','939'),
('940','French Southern Territories','940'),
('941','Canada','941'),
('942','Slovenia','942'),
('943','Saint Helena','943'),
('944','Bulgaria','944'),
('945','Fiji','945'),
('946','British Indian Ocean Territory (Chagos Archipelago','946'),
('947','Cameroon','947'),
('948','Slovakia (Slovak Republic)','948'),
('949','Nepal','949'),
('950','Comoros','950'),
('951','Djibouti','951'),
('952','Greece','952'),
('953','Philippines','953'),
('954','British Virgin Islands','954'),
('955','Indonesia','955'),
('956','Isle of Man','956'),
('957','Gabon','957'),
('958','Fiji','958'),
('959','Bhutan','959'),
('960','Lebanon','960'),
('961','Nicaragua','961'),
('962','Tunisia','962'),
('963','Burkina Faso','963'),
('964','Barbados','964'),
('965','Myanmar','965'),
('966','Azerbaijan','966'),
('967','Hong Kong','967'),
('968','Micronesia','968'),
('969','Argentina','969'),
('970','Isle of Man','970'),
('971','India','971'),
('972','China','972'),
('973','Cote d\'Ivoire','973'),
('974','Czech Republic','974'),
('975','Japan','975'),
('976','Mauritania','976'),
('977','Bahrain','977'),
('978','Sri Lanka','978'),
('979','Armenia','979'),
('980','Sao Tome and Principe','980'),
('981','Ethiopia','981'),
('982','Northern Mariana Islands','982'),
('983','Saint Barthelemy','983'),
('984','Netherlands','984'),
('985','Germany','985'),
('986','Niue','986'),
('987','United Arab Emirates','987'),
('988','Armenia','988'),
('989','Norway','989'),
('990','Netherlands','990'),
('991','Sri Lanka','991'),
('992','Nauru','992'),
('993','Anguilla','993'),
('994','Croatia','994'),
('995','Swaziland','995'),
('996','Andorra','996'),
('997','Austria','997'),
('998','Solomon Islands','998'),
('999','Montenegro','999'),
('1000','Korea','1000'); 


DROP TABLE IF EXISTS `product_variant`;
CREATE TABLE `product_variant` (
  `id` int(11) NOT NULL AUTO_INCREMENT,
  `price` bigint(20) DEFAULT NULL,
  `product_id` int(11) DEFAULT NULL,
  `store_id` int(11) DEFAULT NULL,
  `color_id` int(11) DEFAULT NULL,
  PRIMARY KEY (`id`),
  KEY `product_id` (`product_id`),
  KEY `store_id` (`store_id`),
  KEY `color_id` (`color_id`),
  CONSTRAINT `product_variant_ibfk_1` FOREIGN KEY (`product_id`) REFERENCES `product` (`id`),
  CONSTRAINT `product_variant_ibfk_2` FOREIGN KEY (`store_id`) REFERENCES `store` (`id`),
  CONSTRAINT `product_variant_ibfk_3` FOREIGN KEY (`color_id`) REFERENCES `color` (`id`)
) ENGINE=InnoDB AUTO_INCREMENT=1001 DEFAULT CHARSET=utf8mb4;

INSERT INTO `product_variant` VALUES ('1','3901','426','860','109'),
('2','1734','259','355','102'),
('3','7161','325','172','118'),
('4','1535','994','168','167'),
('5','5427','913','702','107'),
('6','9598','742','184','109'),
('7','4720','302','240','118'),
('8','1574','26','385','102'),
('9','6183','10','656','104'),
('10','8973','175','975','102'),
('11','9174','813','400','167'),
('12','1759','316','659','106'),
('13','5769','423','983','109'),
('14','1734','115','976','115'),
('15','1915','60','889','107'),
('16','8696','409','630','110'),
('17','6714','907','932','123'),
('18','7920','577','957','103'),
('19','4894','710','966','128'),
('20','3504','973','141','123'),
('21','4789','71','953','103'),
('22','8916','28','269','128'),
('23','8718','340','691','128'),
('24','4718','823','805','128'),
('25','7037','474','865','118'),
('26','8537','826','274','106'),
('27','2156','361','181','104'),
('28','6887','136','757','104'),
('29','3331','296','466','103'),
('30','5363','112','439','106'),
('31','2416','902','509','106'),
('32','1703','92','536','110'),
('33','6723','940','875','104'),
('34','2264','770','698','101'),
('35','8192','577','171','132'),
('36','4809','272','996','103'),
('37','9678','597','357','107'),
('38','7896','853','493','102'),
('39','9565','65','788','110'),
('40','4952','244','900','101'),
('41','5745','562','801','109'),
('42','6322','833','892','101'),
('43','2559','372','831','132'),
('44','7461','602','601','115'),
('45','4031','637','177','123'),
('46','3279','536','449','123'),
('47','5795','709','45','103'),
('48','4918','61','897','115'),
('49','7829','171','962','108'),
('50','9603','746','205','106'),
('51','3834','759','766','102'),
('52','1400','280','598','101'),
('53','3723','337','970','128'),
('54','5983','268','572','108'),
('55','2031','897','208','115'),
('56','1276','695','744','102'),
('57','4110','490','452','102'),
('58','2743','640','513','101'),
('59','8809','284','684','167'),
('60','6852','715','429','103'),
('61','2311','45','188','167'),
('62','4230','175','467','110'),
('63','4747','197','804','109'),
('64','2649','49','71','102'),
('65','9355','501','967','106'),
('66','8416','130','662','101'),
('67','9604','208','152','109'),
('68','5628','330','792','101'),
('69','3997','348','75','118'),
('70','6867','327','789','102'),
('71','9812','511','833','106'),
('72','6631','460','7','123'),
('73','9150','7','203','110'),
('74','6154','524','252','115'),
('75','8457','612','752','115'),
('76','4222','908','882','106'),
('77','4042','947','90','108'),
('78','8289','439','419','104'),
('79','8051','443','767','106'),
('80','1875','130','93','102'),
('81','4396','245','604','132'),
('82','5531','548','64','132'),
('83','7177','317','71','102'),
('84','4845','890','594','107'),
('85','3343','533','206','102'),
('86','2421','144','114','101'),
('87','2057','417','61','102'),
('88','2969','840','499','109'),
('89','6093','55','941','106'),
('90','7019','344','70','107'),
('91','4828','422','315','167'),
('92','3679','332','862','101'),
('93','2466','249','178','102'),
('94','9245','369','67','118'),
('95','2785','740','600','132'),
('96','9382','862','744','101'),
('97','3280','867','160','102'),
('98','6778','960','1000','110'),
('99','3926','472','55','109'),
('100','6842','751','399','110'),
('101','5762','122','820','132'),
('102','8799','97','152','123'),
('103','8947','134','400','167'),
('104','1630','242','768','101'),
('105','7720','944','507','115'),
('106','4278','852','369','107'),
('107','8438','873','235','109'),
('108','1080','954','195','109'),
('109','2986','533','667','110'),
('110','4297','53','417','167'),
('111','7496','643','538','123'),
('112','2440','547','634','167'),
('113','5031','311','768','107'),
('114','9437','253','10','102'),
('115','2547','263','954','115'),
('116','2384','872','805','167'),
('117','1924','224','677','104'),
('118','9106','737','631','108'),
('119','6995','249','163','102'),
('120','7681','815','216','109'),
('121','2521','780','859','101'),
('122','8536','565','405','115'),
('123','6139','500','715','108'),
('124','6291','835','968','108'),
('125','1976','937','231','107'),
('126','2649','545','102','103'),
('127','3532','522','326','132'),
('128','2843','733','62','109'),
('129','6651','138','310','115'),
('130','5701','209','125','132'),
('131','2241','696','905','123'),
('132','3723','721','469','103'),
('133','7262','380','969','128'),
('134','4973','807','803','128'),
('135','8970','244','739','101'),
('136','6045','634','284','103'),
('137','7669','829','806','109'),
('138','7064','700','538','110'),
('139','7458','202','675','128'),
('140','3809','867','884','167'),
('141','1604','747','579','132'),
('142','4369','486','300','107'),
('143','9453','630','680','106'),
('144','1181','488','487','102'),
('145','3985','314','730','128'),
('146','3900','370','363','103'),
('147','6298','528','191','167'),
('148','8596','10','891','109'),
('149','7337','554','92','103'),
('150','3298','408','958','101'),
('151','8061','387','705','115'),
('152','3399','269','191','132'),
('153','4518','620','820','115'),
('154','1878','939','307','102'),
('155','6834','61','621','128'),
('156','7117','921','991','103'),
('157','3088','65','518','107'),
('158','5104','14','528','104'),
('159','4926','501','82','107'),
('160','1271','662','489','106'),
('161','9024','707','875','101'),
('162','6305','330','144','104'),
('163','5471','253','764','101'),
('164','5356','855','702','106'),
('165','2913','943','763','167'),
('166','2135','761','684','167'),
('167','5776','941','748','108'),
('168','4471','311','762','167'),
('169','9425','571','263','102'),
('170','1827','923','925','110'),
('171','9898','233','631','108'),
('172','6221','247','961','110'),
('173','1115','452','213','107'),
('174','6888','477','67','101'),
('175','4198','808','10','128'),
('176','1139','760','770','109'),
('177','1755','703','710','104'),
('178','7085','162','21','167'),
('179','6645','149','591','104'),
('180','7813','218','514','103'),
('181','9173','774','747','128'),
('182','6411','206','993','123'),
('183','6414','780','445','167'),
('184','2931','118','922','101'),
('185','9591','158','729','101'),
('186','4745','960','489','128'),
('187','7549','446','191','110'),
('188','7931','679','353','110'),
('189','5860','674','502','103'),
('190','2089','931','719','115'),
('191','1243','113','493','108'),
('192','9332','925','698','108'),
('193','7367','698','478','128'),
('194','5886','683','596','123'),
('195','3767','734','754','109'),
('196','7820','796','714','167'),
('197','3789','627','159','103'),
('198','3484','167','837','109'),
('199','4275','729','511','101'),
('200','8659','881','442','123'),
('201','9797','546','554','104'),
('202','4451','958','479','167'),
('203','4952','363','176','108'),
('204','1830','213','858','101'),
('205','8613','984','592','123'),
('206','7127','483','387','109'),
('207','4731','472','13','115'),
('208','2627','651','180','109'),
('209','5981','182','908','167'),
('210','3148','215','788','108'),
('211','6336','967','334','167'),
('212','9062','211','292','108'),
('213','5461','152','655','115'),
('214','7285','572','868','109'),
('215','3620','586','851','102'),
('216','7387','354','334','109'),
('217','6098','835','805','109'),
('218','8297','474','455','115'),
('219','9391','950','637','110'),
('220','7719','936','851','107'),
('221','2379','364','818','118'),
('222','2623','345','28','167'),
('223','1976','804','180','115'),
('224','7626','440','751','109'),
('225','3487','933','337','107'),
('226','4167','17','690','118'),
('227','1757','488','524','109'),
('228','2239','972','997','167'),
('229','7888','636','947','110'),
('230','2922','207','883','108'),
('231','9116','565','246','104'),
('232','1615','258','590','106'),
('233','1380','242','394','108'),
('234','4257','881','833','104'),
('235','8150','387','765','110'),
('236','1577','744','782','104'),
('237','3947','434','270','123'),
('238','6325','929','242','123'),
('239','4435','878','877','118'),
('240','5279','464','83','110'),
('241','8625','901','648','128'),
('242','3914','154','905','108'),
('243','8208','435','147','128'),
('244','7979','896','27','115'),
('245','9519','107','414','108'),
('246','2995','654','158','103'),
('247','8193','891','591','108'),
('248','8943','652','519','118'),
('249','7518','409','397','110'),
('250','7674','113','861','115'),
('251','3278','698','761','106'),
('252','3263','529','914','104'),
('253','6606','950','349','107'),
('254','1608','765','245','107'),
('255','1527','412','351','128'),
('256','6452','824','5','167'),
('257','4755','18','896','110'),
('258','1322','481','547','102'),
('259','8668','186','956','108'),
('260','5545','767','68','106'),
('261','4543','430','766','102'),
('262','1404','741','295','167'),
('263','5966','956','244','107'),
('264','2666','317','8','110'),
('265','9705','706','420','167'),
('266','6586','508','243','167'),
('267','8819','466','261','128'),
('268','8423','16','742','107'),
('269','2097','84','927','107'),
('270','9719','549','694','108'),
('271','1491','874','124','103'),
('272','1951','959','864','109'),
('273','2735','958','819','118'),
('274','7718','306','136','118'),
('275','1488','898','841','103'),
('276','5547','841','348','107'),
('277','8669','789','814','115'),
('278','3839','632','830','107'),
('279','7224','23','914','106'),
('280','8720','368','462','101'),
('281','5203','782','336','102'),
('282','6404','961','294','167'),
('283','1511','434','252','128'),
('284','4955','150','557','167'),
('285','1621','874','455','123'),
('286','5334','18','295','103'),
('287','3040','404','83','167'),
('288','4132','50','715','123'),
('289','1109','437','737','118'),
('290','8836','752','105','103'),
('291','4351','759','886','109'),
('292','7959','890','846','123'),
('293','7001','885','279','101'),
('294','1087','698','429','110'),
('295','1057','647','303','101'),
('296','9903','437','320','107'),
('297','7060','575','724','108'),
('298','5922','527','773','103'),
('299','5828','308','210','132'),
('300','8370','2','961','167'),
('301','9816','157','720','128'),
('302','4809','648','610','118'),
('303','3722','433','494','167'),
('304','9222','469','191','108'),
('305','5169','62','838','118'),
('306','6680','109','275','101'),
('307','3159','450','850','123'),
('308','7780','874','376','110'),
('309','2792','13','684','123'),
('310','7761','888','685','118'),
('311','4130','868','841','108'),
('312','3860','733','489','101'),
('313','6890','445','921','109'),
('314','4631','435','389','118'),
('315','6009','854','450','110'),
('316','4171','576','559','128'),
('317','5974','617','8','118'),
('318','5736','382','882','101'),
('319','7963','919','895','123'),
('320','1974','667','783','108'),
('321','7396','375','650','106'),
('322','8181','803','383','123'),
('323','5959','839','827','118'),
('324','3493','369','262','101'),
('325','9163','90','115','109'),
('326','9391','649','690','102'),
('327','2024','483','306','102'),
('328','1812','166','688','167'),
('329','7177','225','607','128'),
('330','4631','967','273','115'),
('331','7556','393','648','106'),
('332','7314','660','450','118'),
('333','7796','416','288','109'),
('334','8535','93','657','123'),
('335','6270','158','747','132'),
('336','8571','673','396','110'),
('337','5157','745','878','132'),
('338','3695','826','43','110'),
('339','4896','789','267','103'),
('340','6236','645','234','108'),
('341','8066','284','626','102'),
('342','2776','573','286','109'),
('343','1838','244','702','128'),
('344','5495','741','794','109'),
('345','7472','500','951','104'),
('346','7601','372','623','115'),
('347','4837','935','368','109'),
('348','3317','803','194','110'),
('349','1163','359','982','128'),
('350','9165','520','627','101'),
('351','7791','955','911','115'),
('352','2956','36','483','167'),
('353','4940','567','727','115'),
('354','4652','385','467','108'),
('355','5869','861','966','107'),
('356','8346','83','338','101'),
('357','4284','700','272','107'),
('358','7814','195','75','110'),
('359','4336','733','433','110'),
('360','7196','538','953','103'),
('361','1738','576','907','102'),
('362','8373','240','943','110'),
('363','8306','189','509','106'),
('364','3619','840','894','123'),
('365','5070','285','754','123'),
('366','8642','680','837','102'),
('367','4731','698','536','107'),
('368','3370','85','731','108'),
('369','9606','664','464','128'),
('370','2042','225','1','128'),
('371','1535','413','577','118'),
('372','3722','511','816','115'),
('373','5402','92','4','103'),
('374','7561','399','844','101'),
('375','8053','173','128','128'),
('376','6995','913','808','115'),
('377','4673','990','506','103'),
('378','5510','340','590','132'),
('379','6248','764','253','107'),
('380','2934','621','478','107'),
('381','1336','430','890','167'),
('382','2275','146','400','123'),
('383','3612','804','491','123'),
('384','8805','971','889','115'),
('385','8654','32','62','123'),
('386','8906','847','974','110'),
('387','6399','497','964','101'),
('388','7010','684','303','115'),
('389','4744','601','67','132'),
('390','6257','982','688','107'),
('391','2389','363','117','106'),
('392','3976','320','263','118'),
('393','1515','93','67','103'),
('394','4133','870','38','101'),
('395','7349','490','70','102'),
('396','8261','238','916','102'),
('397','4238','793','412','101'),
('398','7500','854','96','107'),
('399','5973','504','696','108'),
('400','7893','407','677','102'),
('401','4768','787','39','104'),
('402','6649','57','359','109'),
('403','4120','727','452','110'),
('404','4419','888','321','110'),
('405','2965','937','811','115'),
('406','7916','48','48','110'),
('407','4013','131','840','167'),
('408','9020','178','693','102'),
('409','5907','528','196','123'),
('410','3654','944','602','108'),
('411','8887','48','389','109'),
('412','8674','268','446','128'),
('413','9070','751','172','106'),
('414','1802','301','59','115'),
('415','7321','887','996','108'),
('416','9694','543','43','109'),
('417','5827','114','174','106'),
('418','8319','97','352','101'),
('419','9571','176','879','104'),
('420','7693','949','822','128'),
('421','3433','400','870','103'),
('422','4283','889','137','115'),
('423','3348','738','888','128'),
('424','1550','38','188','132'),
('425','9368','658','75','132'),
('426','2229','89','618','132'),
('427','1190','567','732','102'),
('428','5677','884','829','108'),
('429','7286','895','4','106'),
('430','2671','101','953','103'),
('431','7512','909','352','101'),
('432','6180','106','241','103'),
('433','9216','749','979','101'),
('434','8118','563','16','104'),
('435','9924','435','673','106'),
('436','9759','304','762','132'),
('437','5541','215','328','115'),
('438','9254','299','212','109'),
('439','6271','735','107','109'),
('440','7340','49','207','108'),
('441','4771','184','116','123'),
('442','4271','189','222','101'),
('443','1843','331','970','167'),
('444','2703','361','532','101'),
('445','4691','579','967','118'),
('446','1208','871','270','108'),
('447','4806','781','485','123'),
('448','8588','423','784','167'),
('449','4176','893','518','102'),
('450','7339','366','566','106'),
('451','2976','792','750','108'),
('452','8425','570','939','115'),
('453','7142','588','270','115'),
('454','3059','585','631','103'),
('455','9656','597','209','102'),
('456','5502','281','79','107'),
('457','9990','727','860','128'),
('458','5642','501','282','115'),
('459','6678','486','174','103'),
('460','3124','578','540','118'),
('461','1266','876','331','109'),
('462','2548','289','901','108'),
('463','9664','924','488','118'),
('464','8368','529','73','106'),
('465','7118','665','669','109'),
('466','7103','768','950','110'),
('467','7044','141','677','108'),
('468','1361','997','177','123'),
('469','2577','637','663','132'),
('470','6588','794','240','108'),
('471','3606','517','115','123'),
('472','2039','990','404','118'),
('473','1193','400','328','103'),
('474','2193','81','857','104'),
('475','3455','391','521','132'),
('476','4336','910','289','128'),
('477','6116','507','429','110'),
('478','1651','965','426','118'),
('479','9253','704','62','107'),
('480','5299','617','856','115'),
('481','1922','69','373','118'),
('482','6997','853','362','103'),
('483','9412','536','762','108'),
('484','3078','708','842','106'),
('485','9071','951','233','128'),
('486','6637','863','143','102'),
('487','8815','724','649','110'),
('488','6743','261','614','167'),
('489','4641','975','317','101'),
('490','8723','351','933','132'),
('491','5200','967','1','106'),
('492','7212','698','853','115'),
('493','4050','832','389','107'),
('494','9491','294','96','104'),
('495','6478','612','47','109'),
('496','8653','450','910','115'),
('497','1045','577','633','104'),
('498','2266','133','894','132'),
('499','6632','114','868','103'),
('500','2380','156','218','102'),
('501','7920','54','185','102'),
('502','8374','325','882','167'),
('503','3394','958','714','107'),
('504','5322','352','7','108'),
('505','7499','589','618','109'),
('506','5277','58','68','108'),
('507','1899','669','645','101'),
('508','8276','929','777','167'),
('509','3123','802','890','128'),
('510','4579','991','46','101'),
('511','6410','113','100','104'),
('512','7642','235','425','102'),
('513','3778','211','382','128'),
('514','4024','575','734','128'),
('515','6521','35','322','108'),
('516','3964','542','379','109'),
('517','4642','958','48','103'),
('518','6179','7','976','132'),
('519','2142','949','778','128'),
('520','2311','758','768','128'),
('521','9101','785','881','167'),
('522','2691','996','116','107'),
('523','5370','88','326','123'),
('524','1484','894','901','109'),
('525','5377','706','936','128'),
('526','1052','136','477','103'),
('527','8256','634','435','104'),
('528','8127','775','441','104'),
('529','2417','694','389','167'),
('530','1986','502','146','123'),
('531','9706','356','930','115'),
('532','6230','309','926','123'),
('533','9436','686','14','102'),
('534','4305','445','907','167'),
('535','4242','937','613','132'),
('536','3319','750','749','107'),
('537','1929','943','382','128'),
('538','9059','182','157','106'),
('539','1772','397','850','115'),
('540','3433','390','352','128'),
('541','7023','150','707','123'),
('542','2017','791','16','115'),
('543','9552','547','702','118'),
('544','2638','629','146','110'),
('545','8227','611','82','103'),
('546','2234','529','832','167'),
('547','1466','923','774','106'),
('548','7232','752','955','109'),
('549','7850','22','352','106'),
('550','8827','680','742','118'),
('551','7963','484','892','107'),
('552','9693','218','682','108'),
('553','2848','877','229','102'),
('554','2080','549','857','104'),
('555','8109','128','468','106'),
('556','1513','320','997','103'),
('557','8389','260','919','167'),
('558','4388','582','671','132'),
('559','2006','60','692','104'),
('560','5157','388','372','167'),
('561','7922','67','855','132'),
('562','8274','453','73','110'),
('563','8469','855','949','123'),
('564','1915','958','498','115'),
('565','9405','206','625','102'),
('566','8289','536','945','102'),
('567','5624','697','205','101'),
('568','5266','632','787','118'),
('569','7110','521','847','107'),
('570','6714','763','234','123'),
('571','9892','745','301','115'),
('572','3631','619','754','118'),
('573','7668','174','609','115'),
('574','1360','957','566','102'),
('575','8483','597','772','123'),
('576','4054','705','307','118'),
('577','3371','809','4','132'),
('578','6198','831','635','118'),
('579','4844','524','156','110'),
('580','6428','909','918','123'),
('581','2329','665','663','102'),
('582','7006','276','281','128'),
('583','5703','959','455','108'),
('584','1808','590','412','167'),
('585','3950','719','9','123'),
('586','3740','473','713','102'),
('587','7664','171','521','102'),
('588','2554','74','352','118'),
('589','9742','763','875','132'),
('590','1096','298','784','123'),
('591','9864','67','448','108'),
('592','7838','136','723','118'),
('593','4770','959','682','103'),
('594','9072','390','272','110'),
('595','9956','387','990','115'),
('596','4347','154','463','106'),
('597','7587','229','634','128'),
('598','2211','306','707','103'),
('599','6858','19','470','101'),
('600','7949','888','767','128'),
('601','1759','674','833','106'),
('602','9908','122','969','101'),
('603','9881','851','928','118'),
('604','5618','35','317','167'),
('605','3699','630','703','167'),
('606','1295','233','857','108'),
('607','7344','549','85','101'),
('608','2930','386','391','123'),
('609','7772','574','410','104'),
('610','4595','638','297','167'),
('611','6150','484','970','128'),
('612','9291','778','92','123'),
('613','7067','795','942','118'),
('614','8466','493','976','101'),
('615','5066','462','606','123'),
('616','8356','422','838','115'),
('617','8710','843','387','118'),
('618','5718','899','772','102'),
('619','1293','661','346','109'),
('620','8511','892','984','123'),
('621','9460','890','467','123'),
('622','5953','721','244','128'),
('623','5379','521','39','123'),
('624','5862','247','531','123'),
('625','2724','291','993','107'),
('626','1780','37','414','104'),
('627','9374','640','257','110'),
('628','3309','328','155','107'),
('629','1154','406','815','118'),
('630','5143','894','707','118'),
('631','9038','678','597','103'),
('632','5749','432','317','108'),
('633','8459','277','837','108'),
('634','7487','64','84','167'),
('635','8172','826','374','167'),
('636','9577','194','411','107'),
('637','9060','399','50','115'),
('638','9001','991','378','123'),
('639','1645','354','784','115'),
('640','3175','64','677','106'),
('641','7313','756','355','132'),
('642','8824','915','786','104'),
('643','8289','317','63','101'),
('644','2376','758','126','103'),
('645','3643','729','952','109'),
('646','7846','693','146','132'),
('647','2651','70','545','167'),
('648','5497','704','535','107'),
('649','1890','492','889','103'),
('650','7300','94','952','128'),
('651','7596','403','708','103'),
('652','3780','308','622','167'),
('653','3901','529','938','101'),
('654','3174','588','696','103'),
('655','7589','730','425','102'),
('656','7843','246','117','104'),
('657','2830','173','187','123'),
('658','7383','149','890','106'),
('659','3634','503','381','104'),
('660','4022','640','474','103'),
('661','1784','453','877','128'),
('662','8686','620','184','109'),
('663','9184','574','713','108'),
('664','3933','590','300','102'),
('665','4695','731','29','110'),
('666','2653','825','275','115'),
('667','6815','63','447','128'),
('668','1816','846','596','123'),
('669','6119','163','98','102'),
('670','2893','369','737','110'),
('671','7939','526','189','108'),
('672','3103','391','809','115'),
('673','4984','877','382','107'),
('674','4392','301','972','115'),
('675','8375','420','703','118'),
('676','6934','963','527','167'),
('677','4050','622','590','108'),
('678','4634','468','435','101'),
('679','8017','203','597','102'),
('680','7813','318','966','128'),
('681','3207','908','492','101'),
('682','1375','373','882','128'),
('683','9964','22','759','104'),
('684','8749','383','59','103'),
('685','4962','43','478','132'),
('686','7180','732','440','108'),
('687','8425','696','62','101'),
('688','2104','106','529','108'),
('689','8195','111','731','101'),
('690','9535','213','49','101'),
('691','1801','52','956','109'),
('692','5031','80','329','107'),
('693','8568','916','350','103'),
('694','3828','134','733','103'),
('695','5130','324','776','118'),
('696','8923','215','507','102'),
('697','1394','633','202','103'),
('698','2551','640','307','118'),
('699','4248','82','418','108'),
('700','1172','120','630','109'),
('701','9696','123','682','108'),
('702','4203','618','761','123'),
('703','2674','994','677','102'),
('704','2572','129','811','128'),
('705','6704','321','134','115'),
('706','4605','991','349','102'),
('707','5406','101','982','106'),
('708','9031','271','622','115'),
('709','4317','970','703','101'),
('710','7614','400','822','118'),
('711','2200','879','945','107'),
('712','8978','313','562','102'),
('713','8259','75','556','128'),
('714','5913','188','684','115'),
('715','2937','33','5','123'),
('716','2558','653','996','102'),
('717','6671','779','96','102'),
('718','6366','108','367','118'),
('719','1935','743','337','107'),
('720','2537','796','737','104'),
('721','1150','479','615','103'),
('722','7557','843','927','118'),
('723','2255','968','2','106'),
('724','5181','770','190','167'),
('725','3438','382','222','167'),
('726','4511','128','874','167'),
('727','2898','222','653','101'),
('728','7000','297','761','108'),
('729','7180','994','503','123'),
('730','4885','393','299','109'),
('731','9042','613','777','102'),
('732','6928','778','620','101'),
('733','5484','505','587','101'),
('734','5008','788','356','104'),
('735','4394','754','738','108'),
('736','1822','724','865','106'),
('737','7329','689','86','167'),
('738','1453','750','383','123'),
('739','5524','178','377','104'),
('740','8085','941','769','110'),
('741','9335','442','382','106'),
('742','6753','556','160','167'),
('743','9817','597','665','109'),
('744','2868','640','452','132'),
('745','3768','872','205','115'),
('746','7746','325','928','109'),
('747','3240','652','617','110'),
('748','1970','631','366','167'),
('749','2205','370','543','106'),
('750','1087','613','484','102'),
('751','8903','154','925','109'),
('752','6549','471','481','115'),
('753','5381','408','78','106'),
('754','1363','931','717','123'),
('755','2831','810','588','167'),
('756','5370','427','913','132'),
('757','1674','907','564','109'),
('758','3053','474','195','128'),
('759','5300','424','565','108'),
('760','7919','749','177','132'),
('761','7880','844','330','128'),
('762','2290','320','801','106'),
('763','4765','955','208','107'),
('764','2937','255','139','102'),
('765','6178','5','949','118'),
('766','8694','960','375','110'),
('767','5906','843','282','103'),
('768','1331','341','756','107'),
('769','9425','206','179','132'),
('770','5504','613','928','102'),
('771','4823','504','771','108'),
('772','7974','319','90','104'),
('773','3201','615','45','108'),
('774','7241','988','299','110'),
('775','9947','78','304','109'),
('776','1022','755','264','132'),
('777','5420','345','106','103'),
('778','3525','498','447','132'),
('779','4565','845','653','102'),
('780','6489','757','265','101'),
('781','2477','844','768','123'),
('782','1193','261','87','132'),
('783','6367','478','701','167'),
('784','2765','904','689','104'),
('785','1943','467','766','110'),
('786','8436','979','521','123'),
('787','3527','866','865','132'),
('788','9218','35','363','107'),
('789','5876','958','207','101'),
('790','6473','60','963','106'),
('791','7903','88','807','101'),
('792','8088','888','68','102'),
('793','3858','777','546','128'),
('794','2763','711','449','109'),
('795','7501','943','916','106'),
('796','1766','479','895','123'),
('797','7702','279','760','115'),
('798','5203','185','795','101'),
('799','3502','537','752','104'),
('800','6861','542','811','103'),
('801','9625','811','899','101'),
('802','5257','847','787','102'),
('803','3372','969','563','115'),
('804','4596','792','273','101'),
('805','5480','304','216','167'),
('806','7133','582','695','132'),
('807','7694','379','973','115'),
('808','2981','42','158','108'),
('809','3297','67','695','103'),
('810','5525','298','236','167'),
('811','3631','493','47','132'),
('812','5318','494','893','118'),
('813','4595','563','862','104'),
('814','1424','177','654','109'),
('815','8538','239','958','118'),
('816','2197','217','539','108'),
('817','2375','88','917','107'),
('818','3253','720','959','110'),
('819','2508','145','25','104'),
('820','3703','323','323','109'),
('821','4833','311','815','109'),
('822','8476','198','309','108'),
('823','1634','871','871','106'),
('824','7612','107','47','132'),
('825','1811','615','286','132'),
('826','3131','339','502','108'),
('827','1076','757','590','107'),
('828','5966','148','309','106'),
('829','8300','696','454','106'),
('830','6766','938','776','115'),
('831','3751','417','87','108'),
('832','9161','941','285','123'),
('833','4976','358','156','115'),
('834','5402','637','262','118'),
('835','5714','569','877','167'),
('836','7449','458','216','109'),
('837','5555','885','972','102'),
('838','9053','229','119','107'),
('839','5576','532','814','128'),
('840','8833','859','752','115'),
('841','1841','509','168','118'),
('842','9422','973','109','167'),
('843','2824','745','466','102'),
('844','3803','389','103','107'),
('845','8297','79','671','106'),
('846','8612','55','128','109'),
('847','1692','532','12','108'),
('848','4807','599','241','110'),
('849','9568','975','773','107'),
('850','1949','805','631','103'),
('851','5179','410','140','106'),
('852','5755','102','112','108'),
('853','3137','78','857','132'),
('854','5283','209','245','167'),
('855','3071','601','323','115'),
('856','1963','871','378','123'),
('857','1810','355','910','123'),
('858','6516','810','509','101'),
('859','9766','384','483','128'),
('860','2107','772','288','108'),
('861','2421','912','697','110'),
('862','9077','220','799','118'),
('863','2656','636','876','110'),
('864','8803','519','84','123'),
('865','6489','503','685','102'),
('866','6803','158','555','109'),
('867','9048','939','910','107'),
('868','8193','733','719','132'),
('869','1696','767','103','107'),
('870','4919','574','875','118'),
('871','2238','12','787','107'),
('872','9074','588','7','103'),
('873','5392','276','643','101'),
('874','8021','820','161','102'),
('875','5682','609','664','128'),
('876','9645','721','821','107'),
('877','1998','210','760','106'),
('878','9407','608','492','167'),
('879','3703','515','259','102'),
('880','8019','904','833','167'),
('881','9614','581','844','123'),
('882','6049','954','431','123'),
('883','8618','126','707','108'),
('884','6178','173','527','110'),
('885','7257','304','135','104'),
('886','5773','119','855','101'),
('887','7246','490','65','128'),
('888','6374','770','672','106'),
('889','4494','769','186','110'),
('890','6442','870','90','107'),
('891','5923','847','670','104'),
('892','8514','610','623','118'),
('893','8868','379','748','107'),
('894','4314','790','921','132'),
('895','7642','362','224','101'),
('896','3116','597','343','132'),
('897','9575','652','832','167'),
('898','3438','466','602','115'),
('899','7282','772','370','128'),
('900','4946','337','240','132'),
('901','2621','734','86','110'),
('902','9717','974','695','103'),
('903','3858','645','73','167'),
('904','2591','22','863','128'),
('905','1853','925','224','102'),
('906','2941','963','821','108'),
('907','5058','856','472','104'),
('908','1309','812','938','128'),
('909','1927','441','710','104'),
('910','6655','255','47','109'),
('911','2316','157','780','110'),
('912','6036','729','753','104'),
('913','5700','924','397','106'),
('914','1572','867','418','103'),
('915','2600','730','343','108'),
('916','2954','816','306','104'),
('917','1160','244','161','118'),
('918','5309','505','973','115'),
('919','3615','366','413','107'),
('920','4602','596','667','107'),
('921','4504','66','824','103'),
('922','8759','622','553','132'),
('923','1168','872','477','106'),
('924','2960','195','343','123'),
('925','2233','380','73','102'),
('926','7742','790','888','107'),
('927','9438','20','132','110'),
('928','5708','721','636','109'),
('929','1484','361','2','167'),
('930','6320','710','598','115'),
('931','9777','105','663','108'),
('932','7988','280','285','167'),
('933','7294','207','156','108'),
('934','1594','531','350','123'),
('935','7204','272','730','132'),
('936','3522','357','519','123'),
('937','8513','746','538','132'),
('938','7973','295','259','109'),
('939','8284','817','620','109'),
('940','2366','752','329','102'),
('941','8646','353','434','123'),
('942','6613','778','714','102'),
('943','1068','754','920','104'),
('944','7979','208','451','110'),
('945','2627','4','722','106'),
('946','2771','872','78','128'),
('947','8530','628','824','107'),
('948','6315','516','118','115'),
('949','9298','40','935','104'),
('950','2380','564','687','110'),
('951','4229','686','39','101'),
('952','1870','471','816','118'),
('953','5928','540','570','115'),
('954','8236','764','777','102'),
('955','3289','338','780','128'),
('956','6800','641','651','132'),
('957','9825','463','279','118'),
('958','3493','822','794','128'),
('959','5766','441','833','123'),
('960','6385','678','397','108'),
('961','4090','245','83','109'),
('962','3366','245','553','106'),
('963','2374','959','93','132'),
('964','4709','592','857','115'),
('965','3429','675','194','108'),
('966','7767','481','835','102'),
('967','2782','364','297','107'),
('968','5786','70','119','103'),
('969','1234','894','559','167'),
('970','4361','653','237','107'),
('971','8424','98','481','108'),
('972','6779','582','726','101'),
('973','3993','882','684','102'),
('974','1996','750','276','167'),
('975','7316','396','951','103'),
('976','6604','821','431','167'),
('977','5849','897','794','106'),
('978','5164','252','863','108'),
('979','9488','399','757','167'),
('980','2748','379','410','103'),
('981','9535','756','508','118'),
('982','7218','215','90','108'),
('983','3500','227','971','102'),
('984','6719','331','721','107'),
('985','5723','292','116','106'),
('986','8592','446','937','123'),
('987','4955','434','833','110'),
('988','5672','719','84','108'),
('989','3120','122','483','103'),
('990','9666','83','862','110'),
('991','4896','282','618','102'),
('992','6412','961','832','103'),
('993','5809','365','58','103'),
('994','3098','454','389','128'),
('995','9196','817','680','167'),
('996','1844','131','125','132'),
('997','5217','875','559','123'),
('998','2858','413','277','128'),
('999','1409','813','398','106'),
('1000','4092','970','481','103'); 


DROP TABLE IF EXISTS `store`;
CREATE TABLE `store` (
  `id` int(11) NOT NULL AUTO_INCREMENT,
  `address_id` int(11) DEFAULT NULL,
  `store_name` varchar(50) DEFAULT NULL,
  PRIMARY KEY (`id`),
  KEY `address_id` (`address_id`),
  FULLTEXT (`store_name`),
  CONSTRAINT `store_ibfk_1` FOREIGN KEY (`address_id`) REFERENCES `address` (`id`)
) ENGINE=InnoDB AUTO_INCREMENT=1001 DEFAULT CHARSET=utf8mb4;

INSERT INTO `store` VALUES ('1','137','transform user-centric methodologies'),
('2','854','e-enable one-to-one eyeballs'),
('3','645','unleash compelling paradigms'),
('4','406','extend user-centric e-business'),
('5','381','evolve magnetic users'),
('6','955','embrace B2C initiatives'),
('7','373','reinvent mission-critical ROI'),
('8','144','integrate cross-media initiatives'),
('9','302','engage dot-com supply-chains'),
('10','202','transform next-generation technologies'),
('11','446','strategize virtual experiences'),
('12','765','aggregate dynamic models'),
('13','738','evolve dot-com schemas'),
('14','868','optimize granular mindshare'),
('15','449','generate B2B paradigms'),
('16','238','orchestrate virtual portals'),
('17','982','enable e-business platforms'),
('18','996','architect robust mindshare'),
('19','572','recontextualize extensible infrastructures'),
('20','161','revolutionize web-enabled systems'),
('21','45','generate enterprise solutions'),
('22','545','productize scalable systems'),
('23','739','benchmark virtual e-commerce'),
('24','353','scale ubiquitous applications'),
('25','575','repurpose e-business synergies'),
('26','398','recontextualize bleeding-edge deliverables'),
('27','13','enable cross-media applications'),
('28','881','syndicate web-enabled vortals'),
('29','558','innovate revolutionary e-markets'),
('30','157','facilitate interactive functionalities'),
('31','589','iterate one-to-one partnerships'),
('32','695','generate granular infrastructures'),
('33','11','harness robust e-commerce'),
('34','234','streamline B2C architectures'),
('35','100','whiteboard mission-critical webservices'),
('36','391','engineer killer applications'),
('37','188','recontextualize cross-platform systems'),
('38','473','harness dynamic architectures'),
('39','534','mesh collaborative e-commerce'),
('40','490','drive rich communities'),
('41','674','syndicate viral eyeballs'),
('42','980','cultivate virtual experiences'),
('43','254','drive compelling convergence'),
('44','412','maximize vertical paradigms'),
('45','848','redefine efficient partnerships'),
('46','703','embrace ubiquitous synergies'),
('47','650','generate global technologies'),
('48','830','reintermediate efficient relationships'),
('49','699','extend compelling e-commerce'),
('50','222','aggregate viral interfaces'),
('51','990','drive dynamic eyeballs'),
('52','743','disintermediate real-time bandwidth'),
('53','766','reintermediate synergistic experiences'),
('54','728','innovate value-added vortals'),
('55','96','repurpose cutting-edge bandwidth'),
('56','341','seize rich deliverables'),
('57','126','e-enable vertical e-commerce'),
('58','109','revolutionize cutting-edge content'),
('59','222','revolutionize extensible e-markets'),
('60','683','target front-end partnerships'),
('61','265','cultivate efficient eyeballs'),
('62','810','orchestrate innovative metrics'),
('63','378','revolutionize 24/365 technologies'),
('64','275','iterate synergistic markets'),
('65','43','architect integrated experiences'),
('66','477','harness visionary e-markets'),
('67','665','enable 24/365 schemas'),
('68','231','seize visionary e-commerce'),
('69','949','enhance mission-critical initiatives'),
('70','199','incubate open-source e-business'),
('71','720','architect real-time supply-chains'),
('72','623','expedite e-business models'),
('73','179','reintermediate proactive bandwidth'),
('74','974','harness web-enabled markets'),
('75','35','reintermediate out-of-the-box interfaces'),
('76','26','scale cross-platform infrastructures'),
('77','677','generate intuitive web-readiness'),
('78','684','embrace proactive e-markets'),
('79','855','reinvent cutting-edge metrics'),
('80','375','exploit distributed action-items'),
('81','906','leverage bricks-and-clicks experiences'),
('82','844','engage magnetic functionalities'),
('83','118','orchestrate ubiquitous models'),
('84','671','drive e-business web-readiness'),
('85','572','integrate best-of-breed users'),
('86','213','enhance user-centric functionalities'),
('87','12','mesh value-added relationships'),
('88','698','enable enterprise infrastructures'),
('89','321','leverage dynamic communities'),
('90','233','transform visionary bandwidth'),
('91','380','expedite killer methodologies'),
('92','586','incubate integrated infomediaries'),
('93','43','unleash plug-and-play users'),
('94','758','expedite viral webservices'),
('95','860','deliver viral networks'),
('96','85','whiteboard mission-critical relationships'),
('97','234','deliver viral applications'),
('98','525','generate killer deliverables'),
('99','316','benchmark interactive e-services'),
('100','183','syndicate distributed e-markets'),
('101','724','morph user-centric users'),
('102','36','productize best-of-breed markets'),
('103','806','innovate visionary communities'),
('104','902','expedite virtual experiences'),
('105','9','empower clicks-and-mortar e-tailers'),
('106','840','visualize turn-key convergence'),
('107','927','monetize integrated models'),
('108','686','optimize scalable solutions'),
('109','524','cultivate dynamic portals'),
('110','781','architect end-to-end infrastructures'),
('111','61','iterate out-of-the-box relationships'),
('112','429','orchestrate collaborative partnerships'),
('113','625','maximize granular webservices'),
('114','178','integrate real-time markets'),
('115','100','leverage cross-platform e-services'),
('116','197','redefine mission-critical bandwidth'),
('117','390','recontextualize B2B infomediaries'),
('118','112','target end-to-end platforms'),
('119','894','repurpose distributed initiatives'),
('120','711','extend granular supply-chains'),
('121','344','revolutionize one-to-one content'),
('122','274','empower dynamic content'),
('123','296','reinvent vertical experiences'),
('124','386','disintermediate one-to-one relationships'),
('125','31','enable synergistic solutions'),
('126','156','syndicate vertical relationships'),
('127','471','cultivate enterprise vortals'),
('128','265','innovate efficient e-services'),
('129','680','synergize seamless web-readiness'),
('130','787','revolutionize B2B technologies'),
('131','448','generate rich ROI'),
('132','403','reinvent B2C mindshare'),
('133','822','iterate best-of-breed infrastructures'),
('134','253','embrace holistic web-readiness'),
('135','304','mesh enterprise vortals'),
('136','831','incubate e-business communities'),
('137','93','scale interactive web-readiness'),
('138','231','disintermediate bleeding-edge users'),
('139','516','synthesize rich content'),
('140','617','productize compelling metrics'),
('141','11','e-enable scalable initiatives'),
('142','576','matrix impactful methodologies'),
('143','45','disintermediate end-to-end networks'),
('144','636','exploit rich users'),
('145','754','expedite vertical bandwidth'),
('146','145','leverage visionary experiences'),
('147','833','transform frictionless functionalities'),
('148','144','benchmark strategic e-markets'),
('149','256','engineer real-time vortals'),
('150','726','extend dot-com e-tailers'),
('151','854','engage bricks-and-clicks action-items'),
('152','599','incubate user-centric interfaces'),
('153','1000','empower killer content'),
('154','150','expedite holistic mindshare'),
('155','985','disintermediate robust architectures'),
('156','30','envisioneer B2B communities'),
('157','305','embrace one-to-one e-tailers'),
('158','456','leverage extensible convergence'),
('159','295','implement 24/365 models'),
('160','985','engage next-generation synergies'),
('161','242','scale bleeding-edge e-markets'),
('162','742','scale ubiquitous paradigms'),
('163','387','reintermediate value-added action-items'),
('164','63','facilitate real-time e-commerce'),
('165','995','deploy intuitive e-markets'),
('166','691','maximize seamless mindshare'),
('167','894','integrate customized relationships'),
('168','87','drive innovative e-tailers'),
('169','921','recontextualize interactive bandwidth'),
('170','409','drive mission-critical channels'),
('171','704','expedite proactive infrastructures'),
('172','932','syndicate synergistic synergies'),
('173','985','deploy virtual architectures'),
('174','748','benchmark B2C e-services'),
('175','568','brand clicks-and-mortar models'),
('176','739','drive granular systems'),
('177','893','deploy holistic technologies'),
('178','400','reinvent back-end methodologies'),
('179','882','enhance rich schemas'),
('180','148','integrate impactful architectures'),
('181','126','extend frictionless networks'),
('182','736','utilize cutting-edge models'),
('183','747','generate real-time action-items'),
('184','125','revolutionize next-generation communities'),
('185','886','enhance integrated content'),
('186','732','facilitate rich e-services'),
('187','155','drive seamless deliverables'),
('188','191','seize ubiquitous experiences'),
('189','187','repurpose value-added markets'),
('190','450','productize scalable applications'),
('191','175','mesh virtual solutions'),
('192','429','reinvent sexy deliverables'),
('193','191','cultivate dynamic e-commerce'),
('194','562','architect ubiquitous technologies'),
('195','491','mesh world-class eyeballs'),
('196','186','iterate ubiquitous mindshare'),
('197','252','whiteboard mission-critical architectures'),
('198','384','facilitate magnetic models'),
('199','273','transition ubiquitous e-services'),
('200','173','orchestrate extensible e-tailers'),
('201','793','architect cross-platform partnerships'),
('202','976','innovate granular ROI'),
('203','105','evolve 24/365 models'),
('204','778','scale B2B ROI'),
('205','724','benchmark strategic communities'),
('206','672','productize turn-key metrics'),
('207','517','syndicate killer relationships'),
('208','616','engage interactive web-readiness'),
('209','72','revolutionize cross-media metrics'),
('210','398','reintermediate visionary channels'),
('211','764','transform global bandwidth'),
('212','197','recontextualize collaborative technologies'),
('213','134','enhance 24/365 methodologies'),
('214','510','benchmark dynamic e-tailers'),
('215','322','benchmark 24/365 initiatives'),
('216','19','target value-added e-commerce'),
('217','242','reinvent dynamic initiatives'),
('218','477','engineer enterprise e-markets'),
('219','209','utilize B2B solutions'),
('220','428','embrace clicks-and-mortar architectures'),
('221','926','implement scalable metrics'),
('222','384','harness seamless vortals'),
('223','856','strategize transparent e-services'),
('224','116','maximize visionary vortals'),
('225','945','mesh cutting-edge platforms'),
('226','347','iterate out-of-the-box supply-chains'),
('227','302','embrace end-to-end architectures'),
('228','197','leverage efficient convergence'),
('229','731','facilitate out-of-the-box markets'),
('230','574','deliver e-business niches'),
('231','370','cultivate mission-critical mindshare'),
('232','524','empower transparent markets'),
('233','549','synthesize sticky deliverables'),
('234','474','reinvent ubiquitous e-markets'),
('235','302','engage leading-edge synergies'),
('236','272','optimize enterprise markets'),
('237','146','generate visionary systems'),
('238','818','visualize one-to-one content'),
('239','888','transition end-to-end portals'),
('240','217','orchestrate interactive niches'),
('241','216','visualize plug-and-play webservices'),
('242','651','brand holistic ROI'),
('243','413','utilize e-business interfaces'),
('244','349','cultivate transparent eyeballs'),
('245','161','drive impactful vortals'),
('246','735','iterate scalable supply-chains'),
('247','368','incentivize next-generation web-readiness'),
('248','402','synthesize impactful schemas'),
('249','211','envisioneer open-source infomediaries'),
('250','576','evolve granular e-services'),
('251','829','disintermediate global web-readiness'),
('252','136','drive holistic metrics'),
('253','960','strategize strategic markets'),
('254','685','benchmark dynamic infrastructures'),
('255','252','cultivate bricks-and-clicks mindshare'),
('256','904','exploit transparent users'),
('257','32','generate integrated technologies'),
('258','553','utilize cross-platform methodologies'),
('259','101','evolve synergistic systems'),
('260','762','leverage cross-platform web-readiness'),
('261','126','reinvent open-source ROI'),
('262','470','syndicate dynamic e-markets'),
('263','285','innovate back-end markets'),
('264','675','deploy killer infrastructures'),
('265','943','grow rich deliverables'),
('266','586','e-enable bricks-and-clicks channels'),
('267','947','optimize virtual functionalities'),
('268','88','iterate bricks-and-clicks webservices'),
('269','404','enable transparent solutions'),
('270','834','mesh 24/7 channels'),
('271','305','transition web-enabled schemas'),
('272','619','engage frictionless eyeballs'),
('273','484','synthesize synergistic e-commerce'),
('274','718','drive value-added models'),
('275','967','repurpose value-added metrics'),
('276','644','transform rich applications'),
('277','452','implement ubiquitous bandwidth'),
('278','334','grow clicks-and-mortar e-commerce'),
('279','45','aggregate user-centric e-tailers'),
('280','662','leverage compelling web-readiness'),
('281','910','streamline cross-media action-items'),
('282','874','innovate back-end content'),
('283','798','productize integrated content'),
('284','870','transition plug-and-play deliverables'),
('285','559','incubate impactful users'),
('286','49','incentivize synergistic systems'),
('287','773','maximize vertical platforms'),
('288','590','envisioneer dot-com bandwidth'),
('289','602','repurpose web-enabled technologies'),
('290','873','repurpose seamless portals'),
('291','351','engineer interactive networks'),
('292','728','evolve value-added metrics'),
('293','343','monetize magnetic content'),
('294','636','leverage cross-media metrics'),
('295','402','integrate collaborative initiatives'),
('296','285','transform sticky webservices'),
('297','222','exploit wireless interfaces'),
('298','348','seize interactive web-readiness'),
('299','373','repurpose sticky experiences'),
('300','625','reintermediate e-business vortals'),
('301','181','orchestrate cutting-edge vortals'),
('302','677','synergize collaborative architectures'),
('303','243','recontextualize out-of-the-box vortals'),
('304','665','expedite dot-com supply-chains'),
('305','394','scale viral schemas'),
('306','210','incentivize ubiquitous systems'),
('307','308','maximize visionary schemas'),
('308','845','harness robust action-items'),
('309','544','integrate wireless interfaces'),
('310','353','unleash virtual e-business'),
('311','507','extend clicks-and-mortar methodologies'),
('312','454','engage enterprise metrics'),
('313','227','embrace customized architectures'),
('314','305','enable bricks-and-clicks deliverables'),
('315','323','facilitate leading-edge webservices'),
('316','785','cultivate bricks-and-clicks models'),
('317','354','monetize best-of-breed markets'),
('318','96','architect efficient markets'),
('319','375','deploy scalable applications'),
('320','955','repurpose revolutionary paradigms'),
('321','969','syndicate world-class metrics'),
('322','725','transform rich e-business'),
('323','682','benchmark cutting-edge users'),
('324','311','monetize user-centric solutions'),
('325','361','seize turn-key functionalities'),
('326','84','exploit world-class models'),
('327','595','enable web-enabled portals'),
('328','582','deploy vertical supply-chains'),
('329','431','harness proactive deliverables'),
('330','968','empower virtual architectures'),
('331','207','matrix out-of-the-box applications'),
('332','612','e-enable user-centric supply-chains'),
('333','644','empower efficient infrastructures'),
('334','449','harness compelling architectures'),
('335','276','recontextualize world-class users'),
('336','38','engage holistic networks'),
('337','659','extend compelling webservices'),
('338','584','reinvent back-end vortals'),
('339','883','morph turn-key models'),
('340','202','repurpose holistic ROI'),
('341','937','evolve open-source partnerships'),
('342','390','incubate B2C portals'),
('343','656','matrix back-end infrastructures'),
('344','164','disintermediate 24/7 e-markets'),
('345','694','transition innovative vortals'),
('346','978','redefine front-end initiatives'),
('347','949','enable dot-com architectures'),
('348','47','architect back-end deliverables'),
('349','73','maximize back-end users'),
('350','323','drive dynamic mindshare'),
('351','2','generate innovative channels'),
('352','41','extend virtual interfaces'),
('353','48','monetize revolutionary web-readiness'),
('354','684','orchestrate virtual initiatives'),
('355','351','embrace open-source schemas'),
('356','408','incubate customized applications'),
('357','767','optimize clicks-and-mortar eyeballs'),
('358','946','empower enterprise action-items'),
('359','990','monetize real-time schemas'),
('360','198','reintermediate viral methodologies'),
('361','913','synthesize cutting-edge supply-chains'),
('362','196','exploit compelling users'),
('363','810','incentivize front-end synergies'),
('364','557','envisioneer B2B paradigms'),
('365','645','transition sexy relationships'),
('366','86','streamline vertical mindshare'),
('367','594','enhance extensible networks'),
('368','303','revolutionize B2C initiatives'),
('369','670','enable B2C applications'),
('370','477','incentivize world-class metrics'),
('371','505','embrace customized niches'),
('372','606','leverage holistic niches'),
('373','866','productize revolutionary webservices'),
('374','160','leverage ubiquitous web-readiness'),
('375','769','mesh sexy e-markets'),
('376','559','optimize 24/365 users'),
('377','138','deploy real-time e-markets'),
('378','718','enable bricks-and-clicks metrics'),
('379','606','seize B2C e-business'),
('380','211','repurpose innovative markets'),
('381','40','transition mission-critical convergence'),
('382','608','integrate compelling schemas'),
('383','252','exploit web-enabled web-readiness'),
('384','87','matrix transparent functionalities'),
('385','291','harness proactive infrastructures'),
('386','603','seize cutting-edge platforms'),
('387','495','utilize sticky paradigms'),
('388','58','enhance ubiquitous vortals'),
('389','549','strategize efficient content'),
('390','485','enable distributed infrastructures'),
('391','256','streamline back-end technologies'),
('392','462','deploy strategic partnerships'),
('393','680','transform 24/7 technologies'),
('394','65','iterate sticky methodologies'),
('395','18','expedite cross-platform action-items'),
('396','324','reinvent next-generation partnerships'),
('397','150','aggregate front-end schemas'),
('398','612','recontextualize revolutionary e-services'),
('399','627','syndicate enterprise users'),
('400','819','iterate synergistic markets'),
('401','88','brand dot-com experiences'),
('402','132','expedite visionary markets'),
('403','425','optimize dynamic methodologies'),
('404','954','benchmark end-to-end vortals'),
('405','292','repurpose plug-and-play interfaces'),
('406','194','target magnetic vortals'),
('407','512','implement robust architectures'),
('408','429','incentivize cross-media eyeballs'),
('409','911','drive bricks-and-clicks technologies'),
('410','118','unleash viral eyeballs'),
('411','640','reintermediate plug-and-play relationships'),
('412','951','incubate intuitive eyeballs'),
('413','725','envisioneer cross-platform supply-chains'),
('414','891','seize best-of-breed users'),
('415','38','enhance magnetic e-markets'),
('416','16','recontextualize cross-media relationships'),
('417','493','orchestrate best-of-breed e-services'),
('418','533','utilize next-generation models'),
('419','73','envisioneer sticky architectures'),
('420','41','leverage revolutionary platforms'),
('421','17','transition ubiquitous e-markets'),
('422','328','visualize ubiquitous webservices'),
('423','503','revolutionize B2C infomediaries'),
('424','696','cultivate transparent architectures'),
('425','393','synthesize frictionless paradigms'),
('426','520','synthesize impactful technologies'),
('427','20','monetize next-generation portals'),
('428','543','engage leading-edge channels'),
('429','132','maximize 24/365 supply-chains'),
('430','647','generate distributed web-readiness'),
('431','362','recontextualize scalable initiatives'),
('432','220','seize global infomediaries'),
('433','778','unleash strategic e-business'),
('434','787','e-enable visionary mindshare'),
('435','173','engineer real-time schemas'),
('436','70','transition distributed eyeballs'),
('437','980','incentivize best-of-breed models'),
('438','685','transition value-added functionalities'),
('439','498','cultivate cutting-edge vortals'),
('440','891','architect dot-com vortals'),
('441','803','cultivate intuitive action-items'),
('442','138','integrate 24/365 web-readiness'),
('443','842','strategize value-added applications'),
('444','527','benchmark web-enabled networks'),
('445','28','matrix ubiquitous communities'),
('446','879','deliver user-centric synergies'),
('447','542','disintermediate mission-critical functionalities'),
('448','521','scale sticky e-markets'),
('449','411','leverage impactful e-services'),
('450','615','scale cross-media infrastructures'),
('451','562','expedite visionary convergence'),
('452','428','drive efficient experiences'),
('453','943','empower web-enabled solutions'),
('454','64','redefine scalable architectures'),
('455','123','strategize best-of-breed applications'),
('456','335','envisioneer holistic webservices'),
('457','584','utilize turn-key models'),
('458','143','architect best-of-breed functionalities'),
('459','878','engineer sexy partnerships'),
('460','716','strategize cross-platform platforms'),
('461','790','expedite leading-edge communities'),
('462','239','unleash magnetic paradigms'),
('463','935','whiteboard frictionless synergies'),
('464','567','e-enable seamless interfaces'),
('465','25','target bleeding-edge synergies'),
('466','108','iterate e-business systems'),
('467','636','target best-of-breed markets'),
('468','5','implement leading-edge bandwidth'),
('469','793','productize frictionless action-items'),
('470','134','mesh value-added mindshare'),
('471','896','syndicate impactful portals'),
('472','595','brand innovative architectures'),
('473','271','extend end-to-end paradigms'),
('474','737','evolve plug-and-play e-markets'),
('475','122','aggregate e-business experiences'),
('476','299','reintermediate extensible models'),
('477','616','visualize impactful e-business'),
('478','663','innovate ubiquitous deliverables'),
('479','819','maximize sticky channels'),
('480','27','benchmark wireless methodologies'),
('481','278','scale open-source supply-chains'),
('482','381','architect out-of-the-box content'),
('483','454','maximize revolutionary paradigms'),
('484','220','drive 24/7 solutions'),
('485','444','incentivize dot-com networks'),
('486','577','visualize 24/365 models'),
('487','554','synergize bleeding-edge functionalities'),
('488','28','mesh world-class portals'),
('489','719','integrate B2C supply-chains'),
('490','432','reintermediate customized channels'),
('491','743','brand proactive e-markets'),
('492','508','mesh synergistic mindshare'),
('493','670','embrace transparent systems'),
('494','677','deploy collaborative users'),
('495','75','synergize efficient mindshare'),
('496','695','strategize rich deliverables'),
('497','785','optimize innovative partnerships'),
('498','711','iterate cutting-edge synergies'),
('499','700','evolve dot-com synergies'),
('500','577','recontextualize mission-critical synergies'),
('501','845','integrate end-to-end synergies'),
('502','595','engage enterprise solutions'),
('503','171','embrace B2C relationships'),
('504','116','disintermediate cross-platform content'),
('505','332','evolve mission-critical architectures'),
('506','292','iterate customized e-business'),
('507','414','seize collaborative web-readiness'),
('508','947','scale proactive deliverables'),
('509','955','visualize synergistic webservices'),
('510','233','incentivize sticky technologies'),
('511','973','seize interactive initiatives'),
('512','232','enable real-time synergies'),
('513','613','facilitate visionary e-business'),
('514','427','incubate next-generation infomediaries'),
('515','451','implement vertical content'),
('516','57','synergize robust supply-chains'),
('517','3','e-enable mission-critical ROI'),
('518','5','benchmark mission-critical niches'),
('519','84','scale next-generation applications'),
('520','722','target revolutionary web-readiness'),
('521','436','repurpose clicks-and-mortar e-markets'),
('522','826','empower next-generation systems'),
('523','230','grow 24/365 e-markets'),
('524','106','matrix visionary web-readiness'),
('525','503','engage revolutionary synergies'),
('526','304','repurpose one-to-one portals'),
('527','801','synergize bricks-and-clicks users'),
('528','287','deploy wireless e-markets'),
('529','15','syndicate leading-edge platforms'),
('530','500','recontextualize bleeding-edge architectures'),
('531','864','benchmark proactive markets'),
('532','859','brand seamless markets'),
('533','95','revolutionize viral niches'),
('534','35','reintermediate turn-key e-services'),
('535','974','synthesize vertical e-tailers'),
('536','426','implement compelling infomediaries'),
('537','327','synergize virtual methodologies'),
('538','388','architect cross-platform markets'),
('539','373','scale cross-platform action-items'),
('540','281','harness B2B portals'),
('541','620','evolve sticky e-markets'),
('542','346','strategize best-of-breed partnerships'),
('543','513','revolutionize one-to-one communities'),
('544','232','reinvent interactive e-markets'),
('545','772','e-enable real-time schemas'),
('546','964','scale magnetic channels'),
('547','288','synergize frictionless ROI'),
('548','775','architect impactful communities'),
('549','969','mesh bleeding-edge experiences'),
('550','371','cultivate one-to-one vortals'),
('551','496','benchmark rich functionalities'),
('552','405','matrix B2B niches'),
('553','197','scale compelling portals'),
('554','725','disintermediate extensible action-items'),
('555','510','deploy 24/7 functionalities'),
('556','699','morph one-to-one supply-chains'),
('557','29','disintermediate revolutionary technologies'),
('558','311','benchmark front-end infrastructures'),
('559','986','aggregate user-centric convergence'),
('560','43','innovate best-of-breed schemas'),
('561','810','implement open-source initiatives'),
('562','849','empower ubiquitous interfaces'),
('563','902','empower intuitive markets'),
('564','905','enhance plug-and-play channels'),
('565','883','enable scalable portals'),
('566','875','visualize scalable experiences'),
('567','331','maximize collaborative e-tailers'),
('568','209','deliver value-added networks'),
('569','263','reinvent plug-and-play metrics'),
('570','703','facilitate innovative convergence'),
('571','490','repurpose visionary users'),
('572','882','aggregate integrated infrastructures'),
('573','49','e-enable cross-media communities'),
('574','2','implement enterprise niches'),
('575','113','streamline synergistic platforms'),
('576','820','incubate cross-media niches'),
('577','966','redefine leading-edge metrics'),
('578','401','synthesize e-business paradigms'),
('579','594','recontextualize frictionless applications'),
('580','934','grow one-to-one webservices'),
('581','772','architect mission-critical action-items'),
('582','90','deliver value-added eyeballs'),
('583','338','generate vertical vortals'),
('584','969','leverage open-source paradigms'),
('585','814','synthesize scalable web-readiness'),
('586','848','monetize magnetic functionalities'),
('587','667','innovate end-to-end solutions'),
('588','842','revolutionize B2C experiences'),
('589','158','engineer impactful technologies'),
('590','652','transition collaborative portals'),
('591','885','enable global technologies'),
('592','968','deliver cross-media platforms'),
('593','501','optimize turn-key infomediaries'),
('594','786','facilitate world-class solutions'),
('595','873','benchmark next-generation users'),
('596','383','deploy compelling deliverables'),
('597','661','enable distributed niches'),
('598','203','expedite enterprise infomediaries'),
('599','591','envisioneer one-to-one functionalities'),
('600','923','unleash real-time supply-chains'),
('601','906','enhance virtual webservices'),
('602','80','transform user-centric functionalities'),
('603','804','empower front-end e-commerce'),
('604','954','incentivize clicks-and-mortar eyeballs'),
('605','82','empower holistic technologies'),
('606','917','drive 24/365 e-business'),
('607','773','engage wireless metrics'),
('608','47','scale strategic ROI'),
('609','318','revolutionize frictionless paradigms'),
('610','367','scale 24/7 eyeballs'),
('611','981','visualize rich portals'),
('612','90','deliver proactive convergence'),
('613','457','recontextualize vertical e-tailers'),
('614','319','target integrated architectures'),
('615','58','empower strategic ROI'),
('616','270','streamline interactive ROI'),
('617','166','recontextualize back-end technologies'),
('618','724','evolve synergistic e-tailers'),
('619','112','recontextualize dynamic supply-chains'),
('620','324','engage compelling interfaces'),
('621','376','benchmark efficient infrastructures'),
('622','997','morph real-time mindshare'),
('623','292','syndicate extensible platforms'),
('624','877','monetize web-enabled eyeballs'),
('625','782','facilitate robust mindshare'),
('626','164','drive cross-media vortals'),
('627','259','repurpose web-enabled webservices'),
('628','443','engineer strategic bandwidth'),
('629','366','matrix next-generation e-markets'),
('630','850','incubate impactful e-tailers'),
('631','365','redefine B2B applications'),
('632','271','engage virtual interfaces'),
('633','930','aggregate dynamic e-commerce'),
('634','169','cultivate B2B supply-chains'),
('635','225','iterate wireless bandwidth'),
('636','11','whiteboard next-generation interfaces'),
('637','86','utilize scalable applications'),
('638','997','target B2B schemas'),
('639','58','reintermediate distributed technologies'),
('640','404','envisioneer magnetic deliverables'),
('641','364','disintermediate magnetic solutions'),
('642','39','engage sticky channels'),
('643','493','mesh cutting-edge architectures'),
('644','820','reinvent proactive bandwidth'),
('645','357','grow scalable convergence'),
('646','550','reintermediate user-centric solutions'),
('647','90','drive sticky portals'),
('648','522','architect distributed mindshare'),
('649','274','mesh leading-edge models'),
('650','202','recontextualize killer ROI'),
('651','846','reinvent revolutionary networks'),
('652','650','facilitate best-of-breed functionalities'),
('653','199','engineer web-enabled convergence'),
('654','137','iterate world-class ROI'),
('655','526','enhance collaborative technologies'),
('656','981','implement transparent niches'),
('657','300','innovate e-business vortals'),
('658','785','monetize open-source e-services'),
('659','423','enable cutting-edge applications'),
('660','666','engineer wireless interfaces'),
('661','634','synergize rich solutions'),
('662','788','implement innovative applications'),
('663','937','recontextualize synergistic functionalities'),
('664','563','e-enable efficient convergence'),
('665','957','engage cross-media ROI'),
('666','161','morph best-of-breed partnerships'),
('667','574','synthesize compelling action-items'),
('668','42','transform cutting-edge initiatives'),
('669','158','deploy B2B markets'),
('670','632','leverage efficient interfaces'),
('671','446','seize holistic markets'),
('672','522','streamline enterprise paradigms'),
('673','670','strategize impactful paradigms'),
('674','938','brand rich supply-chains'),
('675','342','synergize virtual infomediaries'),
('676','26','expedite front-end e-markets'),
('677','488','iterate virtual markets'),
('678','432','generate dot-com methodologies'),
('679','548','innovate cross-media web-readiness'),
('680','762','generate transparent paradigms'),
('681','634','target mission-critical e-business'),
('682','393','reinvent innovative networks'),
('683','411','iterate rich networks'),
('684','832','syndicate frictionless e-markets'),
('685','529','whiteboard robust metrics'),
('686','937','deploy sexy web-readiness'),
('687','812','mesh vertical users'),
('688','829','redefine sticky eyeballs'),
('689','721','scale efficient communities'),
('690','234','incubate best-of-breed technologies'),
('691','495','matrix transparent supply-chains'),
('692','354','unleash open-source methodologies'),
('693','22','repurpose real-time mindshare'),
('694','431','target granular vortals'),
('695','917','enable 24/365 infrastructures'),
('696','978','syndicate magnetic networks'),
('697','592','utilize e-business paradigms'),
('698','490','synergize seamless schemas'),
('699','20','revolutionize one-to-one synergies'),
('700','750','syndicate synergistic deliverables'),
('701','122','utilize turn-key synergies'),
('702','465','empower 24/7 synergies'),
('703','271','drive frictionless networks'),
('704','791','monetize B2C bandwidth'),
('705','403','brand robust webservices'),
('706','613','harness visionary convergence'),
('707','817','redefine virtual e-tailers'),
('708','890','strategize proactive initiatives'),
('709','44','engineer scalable partnerships'),
('710','364','target sticky mindshare'),
('711','651','deliver proactive systems'),
('712','677','extend visionary systems'),
('713','756','engage enterprise supply-chains'),
('714','62','productize user-centric synergies'),
('715','508','unleash innovative bandwidth'),
('716','285','monetize next-generation networks'),
('717','998','scale intuitive ROI'),
('718','320','incentivize frictionless deliverables'),
('719','114','facilitate innovative functionalities'),
('720','719','visualize seamless channels'),
('721','554','matrix revolutionary experiences'),
('722','608','aggregate cross-platform methodologies'),
('723','72','embrace e-business convergence'),
('724','575','monetize frictionless e-markets'),
('725','39','empower efficient communities'),
('726','989','benchmark dot-com vortals'),
('727','553','extend distributed mindshare'),
('728','631','seize open-source vortals'),
('729','479','utilize enterprise synergies'),
('730','572','visualize user-centric experiences'),
('731','380','benchmark value-added portals'),
('732','600','maximize sticky relationships'),
('733','37','synthesize interactive methodologies'),
('734','651','drive sticky applications'),
('735','391','enhance web-enabled infrastructures'),
('736','440','whiteboard real-time systems'),
('737','263','redefine global webservices'),
('738','207','target rich e-markets'),
('739','329','reintermediate seamless infrastructures'),
('740','307','deliver synergistic infomediaries'),
('741','571','deploy ubiquitous platforms'),
('742','980','embrace back-end technologies'),
('743','983','architect integrated e-commerce'),
('744','326','integrate out-of-the-box deliverables'),
('745','42','aggregate user-centric supply-chains'),
('746','491','empower scalable applications'),
('747','611','unleash vertical networks'),
('748','40','integrate distributed niches'),
('749','810','envisioneer enterprise e-markets'),
('750','724','innovate frictionless networks'),
('751','758','utilize intuitive communities'),
('752','363','transform cutting-edge infomediaries'),
('753','332','empower value-added e-business'),
('754','829','productize bleeding-edge experiences'),
('755','938','reinvent 24/7 users'),
('756','371','brand next-generation e-tailers'),
('757','818','empower global content'),
('758','490','engage virtual paradigms'),
('759','1','mesh impactful relationships'),
('760','296','redefine extensible e-markets'),
('761','62','facilitate out-of-the-box niches'),
('762','381','incentivize value-added applications'),
('763','895','productize clicks-and-mortar applications'),
('764','98','monetize collaborative e-services'),
('765','31','mesh dynamic niches'),
('766','285','aggregate dynamic e-markets'),
('767','537','grow mission-critical infomediaries'),
('768','294','embrace viral synergies'),
('769','492','deliver innovative convergence'),
('770','866','empower enterprise synergies'),
('771','600','incubate magnetic action-items'),
('772','62','cultivate web-enabled convergence'),
('773','846','innovate robust vortals'),
('774','583','enable vertical communities'),
('775','388','target efficient applications'),
('776','887','facilitate plug-and-play communities'),
('777','74','incubate front-end users'),
('778','998','cultivate 24/7 e-commerce'),
('779','926','extend viral deliverables'),
('780','884','mesh back-end content'),
('781','722','reinvent sticky synergies'),
('782','684','recontextualize one-to-one ROI'),
('783','247','target killer mindshare'),
('784','54','revolutionize world-class relationships'),
('785','512','integrate one-to-one infrastructures'),
('786','184','utilize customized e-tailers'),
('787','424','mesh front-end users'),
('788','330','whiteboard out-of-the-box ROI'),
('789','673','matrix cutting-edge markets'),
('790','425','utilize value-added functionalities'),
('791','625','facilitate bleeding-edge e-business'),
('792','735','engage compelling platforms'),
('793','805','envisioneer integrated architectures'),
('794','519','incubate rich methodologies'),
('795','832','empower real-time e-markets'),
('796','836','syndicate out-of-the-box communities'),
('797','804','orchestrate efficient portals'),
('798','369','exploit out-of-the-box architectures'),
('799','129','synthesize proactive schemas'),
('800','296','brand one-to-one relationships'),
('801','235','evolve B2B networks'),
('802','729','productize cross-media deliverables'),
('803','357','visualize impactful e-services'),
('804','80','productize back-end supply-chains'),
('805','311','deliver frictionless functionalities'),
('806','744','incentivize open-source niches'),
('807','967','enable sexy interfaces'),
('808','384','seize one-to-one architectures'),
('809','742','maximize cross-media models'),
('810','893','mesh extensible relationships'),
('811','268','expedite open-source synergies'),
('812','464','e-enable magnetic web-readiness'),
('813','576','drive vertical web-readiness'),
('814','514','revolutionize efficient e-business'),
('815','518','streamline real-time partnerships'),
('816','88','orchestrate viral ROI'),
('817','697','innovate killer relationships'),
('818','941','brand viral niches'),
('819','417','brand best-of-breed interfaces'),
('820','370','target sticky e-commerce'),
('821','366','transition dynamic niches'),
('822','42','synthesize open-source networks'),
('823','104','incentivize clicks-and-mortar portals'),
('824','170','whiteboard next-generation synergies'),
('825','561','transform global networks'),
('826','936','synthesize turn-key solutions'),
('827','5','matrix interactive e-markets'),
('828','364','generate magnetic channels'),
('829','304','deliver user-centric e-tailers'),
('830','134','exploit sticky architectures'),
('831','660','target innovative niches'),
('832','539','whiteboard bleeding-edge relationships'),
('833','862','whiteboard vertical portals'),
('834','16','unleash plug-and-play solutions'),
('835','619','cultivate visionary convergence'),
('836','173','streamline proactive e-services'),
('837','760','harness B2B solutions'),
('838','585','innovate synergistic users'),
('839','557','optimize next-generation synergies'),
('840','502','whiteboard front-end markets'),
('841','478','aggregate impactful experiences'),
('842','824','disintermediate user-centric infomediaries'),
('843','966','integrate visionary e-markets'),
('844','54','deliver back-end paradigms'),
('845','337','reintermediate revolutionary systems'),
('846','483','evolve sticky infomediaries'),
('847','141','productize sticky users'),
('848','33','mesh 24/7 bandwidth'),
('849','424','expedite revolutionary infrastructures'),
('850','558','maximize leading-edge communities'),
('851','403','matrix front-end communities'),
('852','789','syndicate leading-edge methodologies'),
('853','599','implement visionary e-services'),
('854','506','generate intuitive models'),
('855','958','envisioneer 24/7 niches'),
('856','159','envisioneer cutting-edge eyeballs'),
('857','441','expedite strategic solutions'),
('858','963','enhance intuitive e-commerce'),
('859','523','extend seamless schemas'),
('860','745','grow integrated relationships'),
('861','96','utilize intuitive initiatives'),
('862','182','deploy next-generation e-commerce'),
('863','284','target synergistic webservices'),
('864','958','facilitate proactive infrastructures'),
('865','198','incentivize scalable markets'),
('866','902','incentivize turn-key models'),
('867','130','architect intuitive models'),
('868','957','e-enable seamless content'),
('869','487','transition dot-com models'),
('870','686','syndicate wireless technologies'),
('871','459','empower cross-platform partnerships'),
('872','964','embrace customized partnerships'),
('873','509','e-enable visionary communities'),
('874','424','expedite cross-media partnerships'),
('875','17','e-enable B2B ROI'),
('876','845','empower intuitive networks'),
('877','907','reinvent cutting-edge partnerships'),
('878','158','brand visionary vortals'),
('879','878','enable customized portals'),
('880','330','synergize rich action-items'),
('881','716','extend cross-media markets'),
('882','280','facilitate virtual interfaces'),
('883','118','envisioneer integrated markets'),
('884','314','empower plug-and-play experiences'),
('885','786','enable collaborative eyeballs'),
('886','76','visualize synergistic e-commerce'),
('887','473','matrix viral initiatives'),
('888','227','unleash intuitive users'),
('889','38','incubate world-class webservices'),
('890','995','incubate interactive infrastructures'),
('891','972','scale cross-media ROI'),
('892','134','architect out-of-the-box architectures'),
('893','177','synthesize web-enabled web-readiness'),
('894','255','enhance plug-and-play content'),
('895','91','expedite real-time models'),
('896','374','enhance vertical platforms'),
('897','156','integrate mission-critical architectures'),
('898','220','exploit turn-key webservices'),
('899','331','grow interactive interfaces'),
('900','642','utilize cross-platform eyeballs'),
('901','905','generate frictionless e-services'),
('902','790','visualize collaborative niches'),
('903','606','streamline e-business e-services'),
('904','414','deploy holistic functionalities'),
('905','213','architect back-end networks'),
('906','623','strategize next-generation relationships'),
('907','258','reintermediate killer schemas'),
('908','119','optimize cross-media applications'),
('909','780','expedite bleeding-edge webservices'),
('910','136','maximize cross-media markets'),
('911','449','enable enterprise models'),
('912','495','innovate real-time e-commerce'),
('913','416','repurpose open-source paradigms'),
('914','566','embrace integrated e-tailers'),
('915','809','envisioneer bricks-and-clicks schemas'),
('916','202','mesh virtual methodologies'),
('917','641','innovate virtual e-business'),
('918','281','morph enterprise ROI'),
('919','428','e-enable strategic bandwidth'),
('920','679','unleash wireless channels'),
('921','276','exploit frictionless solutions'),
('922','400','implement web-enabled webservices'),
('923','812','innovate enterprise models'),
('924','452','productize dynamic functionalities'),
('925','654','whiteboard sexy action-items'),
('926','902','envisioneer clicks-and-mortar applications'),
('927','826','utilize wireless e-services'),
('928','810','reintermediate enterprise partnerships'),
('929','121','synthesize strategic systems'),
('930','156','evolve enterprise e-services'),
('931','452','transition value-added relationships'),
('932','26','reinvent granular solutions'),
('933','945','whiteboard customized infomediaries'),
('934','57','transform viral deliverables'),
('935','439','unleash proactive e-tailers'),
('936','158','integrate distributed bandwidth'),
('937','679','embrace vertical synergies'),
('938','696','benchmark distributed web-readiness'),
('939','277','exploit B2B mindshare'),
('940','459','empower scalable models'),
('941','832','target innovative web-readiness'),
('942','725','expedite efficient relationships'),
('943','954','aggregate killer architectures'),
('944','247','maximize end-to-end convergence'),
('945','291','envisioneer holistic channels'),
('946','762','unleash next-generation interfaces'),
('947','449','brand vertical models'),
('948','932','empower vertical communities'),
('949','43','mesh enterprise markets'),
('950','876','harness integrated e-services'),
('951','610','visualize robust channels'),
('952','318','unleash e-business e-commerce'),
('953','276','innovate synergistic supply-chains'),
('954','421','brand B2C relationships'),
('955','769','envisioneer extensible e-markets'),
('956','929','engineer killer methodologies'),
('957','323','transform frictionless infomediaries'),
('958','594','synergize granular functionalities'),
('959','739','benchmark compelling platforms'),
('960','443','reinvent integrated communities'),
('961','750','extend cross-media communities'),
('962','190','recontextualize synergistic eyeballs'),
('963','469','cultivate one-to-one deliverables'),
('964','695','reinvent customized solutions'),
('965','246','incentivize dot-com portals'),
('966','907','envisioneer next-generation supply-chains'),
('967','852','incentivize distributed e-business'),
('968','925','transition clicks-and-mortar supply-chains'),
('969','603','envisioneer user-centric action-items'),
('970','129','synthesize viral e-business'),
('971','383','deploy dynamic schemas'),
('972','434','generate dot-com ROI'),
('973','854','deploy clicks-and-mortar niches'),
('974','336','utilize dynamic applications'),
('975','681','revolutionize end-to-end applications'),
('976','144','reintermediate 24/365 architectures'),
('977','98','architect strategic e-tailers'),
('978','129','deliver scalable partnerships'),
('979','75','morph robust webservices'),
('980','140','envisioneer customized systems'),
('981','5','matrix user-centric technologies'),
('982','685','synergize intuitive e-commerce'),
('983','457','repurpose frictionless niches'),
('984','281','grow cross-media deliverables'),
('985','106','benchmark enterprise e-tailers'),
('986','226','implement impactful schemas'),
('987','210','maximize 24/7 users'),
('988','428','productize synergistic content'),
('989','820','deploy global supply-chains'),
('990','948','scale B2C niches'),
('991','871','syndicate scalable content'),
('992','569','drive best-of-breed markets'),
('993','137','optimize compelling models'),
('994','339','repurpose revolutionary niches'),
('995','263','incentivize bricks-and-clicks models'),
('996','383','synergize B2C niches'),
('997','246','grow sticky paradigms'),
('998','115','morph clicks-and-mortar e-tailers'),
('999','307','brand interactive convergence'),
('1000','848','utilize innovative mindshare'); 




/*!40101 SET SQL_MODE=@OLD_SQL_MODE */;
/*!40014 SET FOREIGN_KEY_CHECKS=@OLD_FOREIGN_KEY_CHECKS */;
/*!40014 SET UNIQUE_CHECKS=@OLD_UNIQUE_CHECKS */;
/*!40101 SET CHARACTER_SET_CLIENT=@OLD_CHARACTER_SET_CLIENT */;
/*!40101 SET CHARACTER_SET_RESULTS=@OLD_CHARACTER_SET_RESULTS */;
/*!40101 SET COLLATION_CONNECTION=@OLD_COLLATION_CONNECTION */;
/*!40111 SET SQL_NOTES=@OLD_SQL_NOTES */;

